,Country,Crew,Date,Duration,EVA #,Purpose,Vehicle
0,USA,Ed White,06/03/1965,0:36,1.0,First U.S. EVA. Used HHMU and took  photos.  Gas flow cooling of 25ft umbilical overwhelmed by vehicle ingress work and helmet fogged.  Lost overglove.  Jettisoned thermal gloves and helmet sun visor,Gemini IV
1,USA,David Scott,"March 16-17, 1966",0:00,2.0,HHMU EVA cancelled before starting by stuck on vehicle thruster that ended mission early,Gemini VIII
2,USA,Eugene Cernan,06/05/1966,2:07,3.0,"Inadequate restraints, stiff 25ft umbilical and high workloads exceeded suit vent loop cooling capacity and caused fogging.  Demo called off of tethered astronaut maneuvering unit",Gemini IX-A
3,USA,Mike Collins,07/19/1966,0:50,4.0,Standup EVA.  UV photos of stars.  Ended by eye irritation that impaired vision ,Gemini X
4,USA,Mike Collins,07/20/1966,0:39,5.0,Retrieved MMOD experiment from docked Agena.  Used HHMU. Lost camera and retrieved experiment. EVA ended early by unrelated spacecraft problem,Gemini X
5,USA,Richard Gordon,09/13/1966,0:44,6.0,"Attached tether between Agena and Gemini.  EVA ended early due to fatigue, overheating & eye sweat",Gemini XI
6,USA,Richard Gordon,09/14/1966,2:10,7.0,Standup EVA.  Took star photos. Agena tether ops,Gemini XI
7,USA,Buzz Aldrin,11/12/1966,2:29,8.0,Standup EVA.  Science tasks.  Took star photos,Gemini XII
8,USA,Buzz Aldrin,11/13/1966,2:06,9.0,Attached tether between Agena and Gemini.  UV photos of stars.  Waist tether and Dutch shoe eval,Gemini XII
9,USA,Buzz Aldrin,11/14/1966,0:55,10.0,Standup EVA.  Jettisoned equipment.  Took photos,Gemini XII
10,USA,David Scott,03/06/1969,0:47,11.0,Standup EVA from crew module.  Retrieved thermal experiment samples,Apollo 9
11,USA,Russ Schweickart,03/06/1969,0:51,12.0,Lunar module based.  Took photos.  Evaluated foot restraint and handrails.  Retrieved thermal experiment samples.  First use of PLSS followed by recharge demo after EVA,Apollo 9
12,USA,Neil Armstrong|Buzz Aldrin,07/20/1969,2:32,13.0,First to walk on the moon.  Some trouble getting out small hatch.  46.3 lb of geologic material collected.  EASEP seismograph and laser reflector exp deployed.  Solar wind exp deployed & retrieved.  400 ft (120m) circuit on foot.  Dust issue post EVA,Apollo 11
13,USA,Neil Armstrong|Buzz Aldrin,07/20/1969,0:05,14.0,Jettison suit backpacks and equip to lighten ascent,Apollo 11
14,USA,Allen Bean|Pete Conrad,11/19/1969,3:39,15.0,Collected 75.6 lb of geologic material.  ALSEP exp deployed.  6000 ft (1800m) circuit on foot,Apollo 12
15,USA,Allen Bean|Pete Conrad,11/20/1969,3:48,16.0,Retrieved parts of Surveyor 3 spacecraft.   ,Apollo 12
16,USA,Allen Bean|Pete Conrad,11/20/1969,0:05,17.0,Jettison suit backpacks and equip to lighten ascent,Apollo 12
17,USA,Ed Mitchell|Alan Shepard,02/05/1971,4:48,18.0,Collected 94.4 lb of geologic material.  ALSEP and laser reflector exp deployed.  Hiked up to 0.9 miles (1.5km) from lunar module.  Used MET rickshaw,Apollo 14
18,USA,Ed Mitchell|Alan Shepard,02/06/1971,4:34,19.0,Sought but did not quite reach crater.  Golf demo,Apollo 14
19,USA,Ed Mitchell|Alan Shepard,02/06/1971,0:05,20.0,Jettison suit backpacks and equip to lighten ascent,Apollo 14
20,USA,David Scott,07/30/1971,0:33,21.0,Standup EVA to scout and photograph lunar surface before traverse,Apollo 15
21,USA,David Scott|James Irwin,07/31/1971,6:34,22.0,Collected 169 lb of geologic material.  ALSEP exp deployed.  First use of the lunar rover.  Covered 6.2 mile (10.3 km) circuit,Apollo 15
22,USA,David Scott|James Irwin,08/01/1971,7:12,23.0,,Apollo 15
23,USA,David Scott|James Irwin,08/02/1971,4:49,24.0,,Apollo 15
24,USA,David Scott|James Irwin,08/02/1971,0:05,25.0,Jettison suit backpacks and equip to lighten ascent,Apollo 15
25,USA,Al Worden,08/05/1971,0:39,26.0,First transearth EVA.  Retrieved 2 camera film cassettes,Apollo 15
26,USA,John Young|Charles Duke,04/21/1972,7:11,27.0,Collected 208 lb of rock/dust (41lb this day). ALSEP & solar wind experiments deployed. Assembled and used lunar rover (4.2 km).  ,Apollo 16
27,USA,John Young|Charles Duke,04/22/1972,7:23,28.0,Collected 82 lb of rock/dust. Drove rover 11.5 km,Apollo 16
28,USA,John Young|Charles Duke,04/23/1972,5:40,29.0,Collected 90 lb of rock/dust.  Drove rover 27.1 km,Apollo 16
29,USA,John Young|Charles Duke,04/23/1972,0:04,30.0,Jettison suit backpacks and equip to lighten ascent,Apollo 16
30,USA,Tom Mattingly,04/25/1972,1:23,31.0,Transearth EVA to retrieve camera film and expose microbial response experiment,Apollo 16
31,USA,Harrison Schmidt|Eugene Cernan,12/11/1972,7:12,32.0,Collected 243 lb of geologic material.  ALSEP exp deployed.   8 seismic explosive charges placed for later use.  Used lunar rover to travel 11.4 miles (19 km) circuit with max range of 4.9 miles from lunar module.,Apollo 17
32,USA,Harrison Schmidt|Eugene Cernan,12/12/1972,7:37,33.0,,Apollo 17
33,USA,Harrison Schmidt|Eugene Cernan,12/13/1972,7:16,34.0,,Apollo 17
34,USA,Harrison Schmidt|Eugene Cernan,12/13/1972,0:08,35.0,Jettison suit backpacks and equip to lighten ascent,Apollo 17
35,USA,Ron Evans,12/17/1972,1:07,36.0,Transearth EVA to retrieve camera film,Apollo 17
36,USA,Paul Weitz|Joe Kerwin,05/25/1973,0:40,37.0,"Standup EVA.  While based in hatch of just arrived hovering spacecraft, failed to pull/pry free solar panel held by cm wide scrap of MMOD shield",Skylab 2
37,USA,Paul Weitz|Joe Kerwin|Pete Conrad,05/25/1973,,,"After normal docking failed, all donned suits, depressurized spacecraft, opened forward tunnel hatch and removed the docking probe's back plate to bypass some electrical connections",Skylab 2
38,USA,Pete Conrad|Joe Kerwin,06/07/1973,3:25,38.0,"Without body restraint, initially unable to attach 25ft pole/cutter jaws to aluminum scrap holding jammed solar panel.  Improvised body restraint with suit tether to unexpected vehicle U bolt for 3 pt stance to enable pole positioning and cut.  After debris cut, attached pole as translation path to solar array.  Rope hooked between airlock solar array cover structure as means to overcome frozen hydraulic damper of solar array hinge.  Both crew stood under rope and pushed until array freed suddenly which caused both crew to drift free until hauled themselves back in via umbilicals.  Hardest task was restowing umbilicals into stow sphere at end of day",Skylab 2
39,USA,Pete Conrad|Paul Weitz,06/19/1973,1:36,39.0,Retrieved Apollo Telescope Mount film and repaired power module relay with hammer blow.  Cleaned camera lens,Skylab 2
40,USA,Owen Garriott|Jack Lousma,08/06/1973,6:31,40.0,Constructed/deployed twin-pole thermal shield to reduce internal spacecraft temperatures.  Loaded telescope camera with film.  Inspected previously leaking thrusters.  Restored telescope door motion and deployed meteroid sampling exp,Skylab 3
41,USA,Owen Garriott|Jack Lousma,08/24/1973,4:31,41.0,Installed cable for backup gyro package.  Exchanged telescope camera film.  Deployed parasol samples,Skylab 3
42,USA,Owen Garriott|Allen Bean,09/22/1973,2:41,42.0,"Recovered telescope camera film, material samples and meteroid exp.  Cleaned camera lens",Skylab 3
43,USA,Ed Gibson|Bill Pogue,11/22/1973,6:33,43.0,Photographed earth atmosphere.  Deployed spacecraft contamination measurement exp.  Reloaded telescope camera film.  Repaired microwave sensor antenna.  Pinned open telescope door.  Retrieved meteroid sample collector,Skylab 4
44,USA,Gerald Carr|Bill Pogue,12/25/1973,7:01,44.0,"Photographed comet Kohoutek, reloaded telescope camera film, pinned open failed solar UV exp door.  Installed solar UV/X-Ray camera.  Repositioned jammed filter wheel in x-ray telescope",Skylab 4
45,USA,Gerald Carr|Ed Gibson,12/29/1973,3:29,45.0,Photographed comet Kohoutek.  Retrieved sample of meteroid protection cover,Skylab 4
46,USA,Gerald Carr|Ed Gibson,02/03/1974,5:19,46.0,Retrieved telescope camera film and installed meteroid collection experiment. Gibson reported coolant leakage from EVA life support system,Skylab 4
47,USA,Bill Lenoir|Joe Allen,11/14/1982,0:00,,Suit fan and O2 regulator failures prevented first Shuttle EVA.  No spare suit onboard,STS-5
48,USA,Story Musgrave|Don Peterson,04/07/1983,4:17,47.0,First shuttle EVA.  New suits tested.  Basic orbiter/payload contingency tasks practiced.  Winch failed to retract,STS-6
49,USA,Bob Stewart|Bruce McCandless,02/07/1984,5:56,48.0,Practiced Solar Max repair. Used MMU and MFR for first time.  PLB camera D changed out.  Slidewire bracket pip-pin pulled free by crew tether inadvertantly.  SPAS switch adjusted,STS-41B
50,USA,Bob Stewart|Bruce McCandless,02/09/1984,6:09,49.0,Practiced MMU docking with fixed target.  Simple satellite refueling demo (freon).  Foot restraint lost overboard and recovered.  ,STS-41B
51,USA,James Van Hoften|George Nelson,04/08/1984,2:53,50.0,Failed to dock MMU to Solar Max satellite due to thermal grommet interference.  Manual grasp of solar array increased satellite instability ,STS-41C
52,USA,James Van Hoften|George Nelson,04/11/1984,7:05,51.0,"After ground cmd stabilization and RMS grapple, Solar Max repaired (attitude control and main elec boxes replaced, MEB not designed for replacement).  Small trash bag lost due to inadvertment release of MWS lock.  MMU engineering test performed",STS-41C
53,USA,Dave Leestma|Kathy Sullivan,10/11/1984,3:29,52.0,First U.S. female EVA.  Demonstrated hydrazine refueling.  Aligned gimbals of Ku antenna  for IV commanded locking.  SIRB latching assisted.  Recovered lost airlock valve cap.  ,STS-41G
54,USA,Joe Allen|Dale Gardner,11/12/1984,6:02,53.0,PALAPA retrieval.  MMU used.  Had to use manual satellite restraint when structure with RMS grapple fixture failed to attach due to unexpected structure on satellite.,STS-51A
55,USA,Joe Allen|Dale Gardner,11/14/1984,5:48,54.0,WESTAR retrieval.  MMU used.  Recovered untethered torque wrench (twice) and draeger tube (once).  Lost power tool,STS-51A
56,USA,Dave Griggs|Jeff Hoffman,04/16/1985,3:10,55.0,"""Flyswatter"" attached to end of RMS to attempt to activate LEASAT/SYNCOM IV sequence start lever.  Lever tripped but satellite was actually failed elsewhere.  Griggs inadvertently went out over wing",STS-51D
57,USA,James Van Hoften|Bill Fisher,08/31/1985,7:09,56.0,LEASAT/SYNCOM IV repairs started.  RMS failure to single joint mode forced second EVA.  Lost power tool overboard.,STS-51I
58,USA,James Van Hoften|Bill Fisher,09/01/1985,4:29,57.0,LEASAT/SYNCOM IV repairs completed.  Accidently reused depleted LiOH cans from 1st EVA.,STS-51I
59,USA,Jerry Ross|Woody Spring,11/29/1985,5:38,58.0,EASE/ACCESS truss assembly and stowage demos.  Deployed radar target,STS-61B
60,USA,Jerry Ross|Woody Spring,12/01/1985,6:48,59.0,"EASE/ACCESS truss assembly, stowage and handling demos.  Simulated cable routing with rope reel and heat pipe handling with free EASE beams.",STS-61B
61,USA,Bruce McCandless|Kathy Sullivan,04/24/1990,0:00,,In suits in airlock at 5psi awaiting GO to manually deploy stuck solar array.  Waived off when auto sys worked,STS-31
62,USA,Jerry Ross|Jay Apt,04/07/1991,4:26,60.0,"Freed stuck GRO high gain antenna. Started Space Station demos (recorded crew loads, variable tension rope translation, dogbone handrails).",STS-37
63,USA,Jerry Ross|Jay Apt,04/08/1991,6:00,61.0,"More Space Station demos (evals of 3 different carts and a tether shuttle, RMS translation rates and loads).  Time short for all RMS/EVA tests",STS-37
64,USA,Pierre Thuot|Rick Hieb,05/10/1992,3:43,62.0,Capture bar/grapple fixture attach failed 3 times,STS-49
65,USA,Pierre Thuot|Rick Hieb,05/11/1992,5:30,63.0,"Though more careful to induce less loads, capture bar/grapple fixture attach failed 5 times",STS-49
66,USA,Thuot/Hieb/Akers,05/13/1992,8:29,64.0,3 man EVA.  Manually capture/repair INTELSAT,STS-49
67,USA,Tom Akers|Kathy Thornton,05/14/1992,7:44,65.0,"ASEM Space Station assembly demos (module to truss mating, updated HHMU self rescue device).  Aligned gimbals of Ku antenna for IV commanded locking ",STS-49
68,USA,Greg Harbaugh|Mario Runco,01/17/1993,4:28,66.0,Evaluate training vs. flight differences (DTO 1210).   Encumbered translations.  Foot restraint ingress.  Inspected/avoided misfired IUS tilt table superzip.  Almost lost untethered IUS tilt table equipment.,STS-54
69,USA,David Low|Jeff Wisoff,06/25/1993,5:50,67.0,"First egress/ingress involving tunnel adapter.  Pushed on 2 EURECA antennas to aid stowage.  Evaluated training vs. flight differences (DTO 1210, large mass handling from RMS, high torque bolts, ORU fine align from RMS with active orbiter jets)  ",STS-57
70,USA,Carl Walz|Jim Newman,09/16/1993,7:05,68.0,Evaluate training vs. flight differences (DTO 1210).  Evaluated HST servicing mission tools.  Tool box door jammed temporarily preventing closure,STS-51
71,USA,Story Musgrave|Jeff Hoffman,12/04/1993,7:54,69.0,"HST servicing (RSU, ECU, solar array prep).  RSU bay doors difficult to close.",STS-61 /|HST-1
72,USA,Tom Akers|Kathy Thornton,12/05/1993,6:36,70.0,HST servicing (2 solar arrays).   One jettisoned due to pre-EVA damage,STS-61 /|HST-1
73,USA,Story Musgrave|Jeff Hoffman,12/06/1993,6:47,71.0,HST servicing (WFPC 1/2),STS-61 /|HST-1
74,USA,Tom Akers|Kathy Thornton,12/07/1993,6:50,72.0,HST servicing (HSP/COSTAR),STS-61 /|HST-1
75,USA,Story Musgrave|Jeff Hoffman,12/08/1993,7:21,73.0,"HST servicing (SADE, magnetometers, GHRS)",STS-61 /|HST-1
76,USA,Mark Lee|Carl Meade,09/16/1994,6:51,74.0,"SAFER self rescue demo, test new tools",STS-64
77,USA,Mike Foale|Bernard Harris,02/09/1995,4:39,75.0,"Cold environment eval, large object handling eval using SPARTAN (EDFT-01)",STS-63
78,USA,Jim Voss|Mike Gernhardt,09/16/1995,6:46,76.0,ISS task board with worksite interface samples.  Elec cuff checklist demo.  Thermal cube experiment,STS-69
79,USA,Leroy Chiao|Dan Barry,"Jan. 15, 1996",6:09,77.0,ISS umbilical tests with robotically transported portable work platform.  Elec cuff checklist demo.  ,STS-72
80,USA,Leroy Chiao|Winston Scott,"Jan. 17, 1996",6:53,78.0,"ISS thermal comfort test, cable tray test, APFR load test.  Thermal cube experiment",
81,USA,Linda Godwin|Rich Clifford,"Mar. 27, 1996",6:03,79.0,Deploy 4 MEEP materials experiments on Mir docking module.  Test US/Russian tether and PFR.  Retrieve camera from docking module exterior,STS-76
82,USA,Tom Jones|Tammy Jernigan,"Nov. 29, 1996",0:00,,Loose screw jammed in hatch latch actuator prevented airlock egress,STS-80
83,USA,Mark Lee|Steve Smith,"Feb. 13, 1997",6:42,80.0,"HST servicing (first STS external airlock sortie, depress gas flow disturbed HST solar arrays, remove/install GHRS/STIS, FOS/NICMOS )",STS-82 /|HST-2
84,USA,Greg Harbaugh|Joe Tanner,"Feb. 14, 1997",7:27,81.0,"HST servicing (remove/install FGS-1/FGS-1R, replace ESTR-2, install OCE enhancement kit)",STS-82 /|HST-2
85,USA,Mark Lee|Steve Smith,"Feb. 15, 1997",7:11,82.0,"HST servicing (remove/install DUI-2/DIU-2R, ESTR-1/SSR, replace RWA)",STS-82 /|HST-2
86,USA,Greg Harbaugh|Joe Tanner,"Feb. 16, 1997",6:34,83.0,"HST servicing (replace SADE, install MSS cover, retrieve degraded MLI sample, install MLI patches)",STS-82 /|HST-2
87,USA,Mark Lee|Steve Smith,"Feb. 17, 1997",5:17,84.0,HST servicing (unscheduled EVA to add protective covers over degrading aluminized insulation),STS-82 /|HST-2
88,USA,Scott Parazynski|Vladimir Titov,"Oct. 1, 1997",5:01,85.0,Retrieve 4 MEEP materials experiments on Mir docking module.  Test US/Russian tethers and PFR.  US safety tether would not retract.  Deploy Spektr solar array base sealing cap on docking module. ,STS-86
89,USA,Winston Scott|Takao Doi,11/24/1997,7:43,86.0,Manual capture and berthing (with RMS aid) of Spartan.  Test of ISS crane with large battery/carrier.  Test of ISS power tool and torque multiplier,STS-87
90,USA,Winston Scott|Takao Doi,12/03/1997,4:59,87.0,Test of ISS crane with small ORUÂs.  Deploy and capture of SPRINT/AERCAM robotic freeflyer,STS-87
91,USA,Jerry Ross|Jim Newman,12/07/1998,7:21,88.0,Connect PMA1-FGB power cables and PMA1/2-Node1 APAS cables,STS-88/2A
92,USA,Jerry Ross|Jim Newman,12/09/1998,7:02,89.0,Install 2 early comm antennas and cables,STS-88/2A
93,USA,Jerry Ross|Jim Newman,12/12/1998,6:59,90.0,"Deploy 2 US foot restraints and a tool stanchion.  Aid release of 2 FGB Toru antennas, install FGB aft handrail and reinstall FGB Komplast panel.  SAFER self rescue demo (DTO 689)",STS-88/2A
94,USA,Tammy Jernigan|Dan Barry,05/29/1999,7:55,91.0,"Transfer and externally install US and Russian cargo cranes, 2 common foot restraints, 3 EVA tool bags.  Lost retractable equip tether",STS-96/2A.1
95,USA,Steve Smith|John Grunsfeld,12/22/1999,8:15,92.0,HST servicing (RSU gyros and volt/temp improvement kits for batteries),STS-103/|HST-3A
96,USA,Mike Foale|Claude Nicollier,12/23/1999,8:10,93.0,HST servicing (486 computer and fine guidance sensor),STS-103/|HST-3A
97,USA,Steve Smith|John Grunsfeld,12/24/1999,8:08,94.0,HST servicing (transmitter and solid state recorder),STS-103/|HST-3A
98,USA,Jeff Williams|Jim Voss,05/21/2000,6:44,95.0,Resecure and reorient U.S. crane.  Assemble complete Russian crane and transfer from PMA 2 to PMA 1.  Replace stbd ECOM antenna.  Install 8 handrails on Node 1 (APAS cable blocked one nominal site).  Cables cleared from Node 1 SVS targets. Lost PAD,STS-101/2A.2a
99,USA,Edward Lu|Yuri Malenchecko,09/11/2000,6:14,96.0,"SM docking target deployment completed manually.  Attitude control magnetometer and nearby translation aid gap spanner installed.  SM-FGB cables routed, secured and connected (EPS, TV-C&DH and Orlan comm).   Photos captured of partially deployed SM solar array section to aid future resolution.  ",STS-106/2A.2b
100,USA,Leroy Chiao|Bill McArthur,10/15/2000,6:28,97.0,Z1 SASA antenna deployed.  DDCU thermal shrouds removed/stowed. One tool box relocated from PLB to Z1.  Z1-Node1 cables mated.  SGANT antenna dish and boom deployed.,STS-92/3A
101,USA,Jeff Wisoff|Mike Lopez-Alegria,10/16/2000,7:07,98.0,PMA3 released from PLB.  PMA3-Node1 cables mated.  ,STS-92/3A
102,USA,Leroy Chiao|Bill McArthur,10/17/2000,6:48,99.0,Z1 DDCU-HP (2) transferred from PLB to Z1.  Z1 keel relocated.  Z1-P6 launch locks released.  PMA2-Z1 cables reconfigured.  2nd tool box relocated from PLB to Z1.  Airlock depress valve cover lost,STS-92/3A
103,USA,Jeff Wisoff|Mike Lopez-Alegria,10/18/2000,6:56,100.0,Z1 FRGF stowed and utility tray deployed.  Tethered demo of self rescue SAFER hardware (DTO 689).,STS-92/3A
104,USA,Joe Tanner|Carlos Noriega,12/03/2000,7:33,101.0,Assisted P6-Z1 mechanical mating.  Mated 9 Z1-P6 electrical power cables. Released 2 sets of solar array blanket boxes and gimbal linkages.  Used tensioning devices to secure 3 of 4 gimbal linkage bolts.  Released PV radiator launch restraints and thermal sensors.,STS-97/4A
105,USA,Joe Tanner|Carlos Noriega,12/05/2000,6:37,102.0,Removed/stowed Z1's ACBSP and DDCU-HP thermal shrouds.  Relocated SASA antenna from Z1 to IEA.  Inspected tensioning mechanism of incompletely deployed solar array.  Rerouted Z1 patch panel cables.  Mated 4 Z1-P6 ammonia lines.  Disconnected PMA2 cables from Node1.  Stowed EPS cable bag on P6.  Released P6 aft radiator launch restraints and thermal sensors.  Installed FGB-PMA1 jumper cables.  Stowed Z1 WIS antenna #1.,STS-97/4A
106,USA,Joe Tanner|Carlos Noriega,12/07/2000,5:10,103.0,Reseated solar array tensioning cable to allow full deployment.  Installed FPP antennas on IEA and Node1. Installed Node1 centerline camera cable.  Released P6 stbd radiator launch restraints and thermal sensors.  Stowed P6 and Z1 WIS antennas.,STS-97/4A
107,USA,Tom Jones|Bob Curbeam,02/10/2001,7:34,104.0,Disconnect lab-Shuttle LTA heater cable.  Remove and stow lab module CBM cover.  Connect 4 ammonia lines and elec cables btw lab and Z1.   M3 QD leaked NH3 on crew to force bakeout cleanup,STS-98/5A
108,USA,Tom Jones|Bob Curbeam,02/12/2001,6:50,105.0,"Connect lab-PMA2 APAS cables.  Install lab vent valve, trunnion pin covers, handrails, PDGF, VSC and window cover.  Wrong bolt heads on vent cover",STS-98/5A
109,USA,Tom Jones|Bob Curbeam,02/14/2001,5:25,106.0,Spare SASA antenna installed on Z1.  Demo of incapacitated crew rescue.,STS-98/5A
110,USA,Jim Voss|Susan Helms,03/10/2001,8:56,107.0,Disconnected PMA3 from Node1 electrical cables.  Installed cradle on lab in prep for SSRMS and S0 truss.  Installed rigid umbilical.  Last 2 hours spent in airlock waiting on RMS install of MPLM.  PAD lost,STS-102/5A.1
111,USA,Paul Richards|Andy Thomas,03/12/2001,6:21,108.0,"Removed and stowed port early comm antenna.  Installed the external stowage platform on a lab trunnion.  Transfered a pump flow control system ORU ready for future replacement.  Inspected P6 solar array 4 bar linkage, FPP, NPV and connector J612",STS-102/5A.1
112,USA,Scott Parazynski|Chris Hadfield,04/22/2001,7:10,109.0,"Transfered and installed UHF antenna on lab.  Released SSRMS launch restraints, unfold booms and secure joints.  Connected cables from lab to SSRMS pallet for initial robot arm ops",STS-100/6A
113,USA,Scott Parazynski|Chris Hadfield,04/24/2001,7:40,110.0,Connected 8 cables for lab based SSRMS ops.  Demated cables btw lab and SSRMS pallet.  Removed and stowed stbd early comm antenna.  1.5 hours spent in fruitless search for early comm conn parts under CBM cover.  Transfered spare DCSU to lab stowage pallet,STS-100/6A
114,USA,Mike Gernhardt|Jim Reilly,07/14/2001,5:59,111.0,Shuttle based EVA.  Airlock-Node1 CBM cover removed.  LTA heater cable demated.  Waited on umbilicals for airlock transfer and install by SSRMS. Connected airlock heater cable. ,STS-104/7A
115,USA,Mike Gernhardt|Jim Reilly,07/17/2001,6:29,112.0,Shuttle based EVA.  3 of 4 high pressure gas tanks installed on airlock,STS-104/7A
116,USA,Mike Gernhardt|Jim Reilly,07/20/2001,4:02,113.0,First EVA based from ISS joint airlock.  4th high pressure gas tank installed.  Installed thermal cover over airlock FRGF and several airlock handrails.  Mated FGB-airlock cable for Russian suit comm.  Inspected BMRRM and FPP on top of P6.,STS-104/7A
117,USA,Dan Barry|Patrick Forrester,08/16/2001,6:16,114.0,Shuttle based EVA.  Installed early ammonia servicer on P6 truss and mated its cables.  Attached 2 MISSE materials experiments to airlock exterior. ,STS-105/7A.1
118,USA,Dan Barry|Patrick Forrester,08/18/2001,5:29,115.0,Shuttle based EVA.  Installed 10 handrails on Lab.  Attached LTA heater cables on lab for later use with S0.,STS-105/7A.1
119,USA,Linda Godwin|Dan Tani,12/10/2001,4:12,116.0,Shuttle based EVA.  Installed 2 beta gimbal assy (BGA) thermal blankets.  Retrieved SASA shroud.  Inspected DCSU.  Failed attempt to lock 4th leg of BGA four bar assembly.,STS-108/UF1
120,USA,Carl Walz|Dan Bursch,02/20/2002,5:49,117.0,"First use of the Quest airlock without Shuttle docked.  8A preps included tool retrieval/relocation, DDCU checkout, Z1 Shroud removal, Grapple Fixture Adapter removal, securing HPGT latches, photos of MISSE & MMOD hits.  ",Incr-4
121,USA,John Grunsfeld|Rick Linnehan,03/04/2002,7:01,118.0,HST servicing.  Replaced 1 of 2 solar arrays and its diode box. ,STS-109/|HST-3B
122,USA,Jim Newman|Mike Massimino,03/05/2002,7:16,119.0,HST servicing.  Replaced 2nd solar array and its diode box.   Replaced gyro reaction wheel assy #1.,STS-109/|HST-3B
123,USA,John Grunsfeld|Rick Linnehan,03/06/2002,6:48,120.0,HST servicing.  Replaced power control unit (PCU).  HST handrails inspected.,STS-109/|HST-3B
124,USA,Jim Newman|Mike Massimino,03/07/2002,7:30,121.0,HST servicing.  Replaced faint object camera (FOC) with advanced camera.  Installed electronics support module in aft shroud.  Completed PCU cleanup.,STS-109/|HST-3B
125,USA,John Grunsfeld|Rick Linnehan,03/08/2002,7:20,122.0,HST servicing.  Installed NICMOS cryo cooler and radiator.   Installed new outer thermal blankets.  ,STS-109/|HST-3B
126,USA,Steve Smith|Rex Walheim,04/11/2002,7:48,123.0,ISS based EVA.  Lab-SO cables connected.  Aft tray req'd 2 crew to deploy.   Lab-S0 fwd struts installed.  ,STS-110/8A
127,USA,Jerry Ross|Lee Morin,04/13/2002,7:30,124.0,ISS based EVA.  Lab-SO cables connected.  Lab-S0 aft struts installed.  ,STS-110/8A
128,USA,Steve Smith|Rex Walheim,04/14/2002,6:27,125.0,ISS based EVA.  Released Lab-S0 adapter latch.  Connected MT cables.  Released MT launch restraints.  Removed MT radiator cover.  TUS 2 safing bolt problem.          ,STS-110/8A
129,USA,Jerry Ross|Lee Morin,04/16/2002,6:37,126.0,ISS based EVA.  Installed S0-airlock handrail spur.  Installed handrails and 2 CETA lights on S0.  Deployed CETA energy absorbers.  Removed/stowed S0 keel and drag link.  J400 reconfigured.  CID 7/8 installed.  Failed Trace Gas Analyzer DTO.  ,STS-110/8A
130,USA,F. Chang-Diaz|Philippe Perrin,06/09/2002,7:14,127.0,ISS based EVA.  PDGF installed on P6.  SM MMOD panels stowed on PMA1.  MBS blankets removed as prep for MBS install onto MT.  ,STS-111/UF2
131,USA,F. Chang-Diaz|Philippe Perrin,06/11/2002,5:00,128.0,ISS based EVA.  MT-MBS cables connected and MT-MBS bolts mated.  POA deployed.  Zenith TUS safing bolt.  MBS camera relocated.  ,STS-111/UF2
132,USA,F. Chang-Diaz|Philippe Perrin,06/13/2002,7:16,129.0,ISS based EVA.  SSRMS wrist joint replaced.  Failed joint stowed on Shuttle. ,STS-111/UF2
133,USA,Dave Wolf|Piers Sellers,10/10/2002,7:01,130.0,ISS based EVA.  S1-S0 cables and fluid lines connected.  S-band antenna deployed.  S1 radiator restraints released.  CETA cart launch locks released.  S1 camera installed.,STS-112/9A
134,USA,Dave Wolf|Piers Sellers,10/12/2002,6:04,131.0,ISS based EVA.  Lab camera installed.  S1 radiator restraints released.  S1-S0 cables and fluid lines connected.   SPD installed at Z1-P6.  CETA cart launch locks released.  NH3 tank cables attached.  ,STS-112/9A
135,USA,Dave Wolf|Piers Sellers,10/14/2002,6:36,132.0,ISS based EVA.  MT IUA replaced.  S0-S1 NH3 jumpers connected.  S1-S0 cables and fluid lines connected.   S1 drag link stowed.  SPD's installed on NH3 lines. ,STS-112/9A
136,USA,Mike Lopez-Alegria|John Herrington,11/26/2002,6:45,133.0,ISS based EVA.  P1-S0 cables connected.  CETA cart launch locks released.  P1 drag link stowed.   Spool positioning devices (SPD) installed.  Wireless external transceiver assy (WETA) installed on Node 1 for EVA helmet video. ,STS-113/11A
137,USA,Mike Lopez-Alegria|John Herrington,11/28/2002,6:10,134.0,ISS based EVA.  P1-S0 fluid lines connected.  P1 keels stowed.  Wireless external transceiver assy (WETA) installed on P1.  CETA cart relocated from P1 to S1. ,STS-113/11A
138,USA,Mike Lopez-Alegria|John Herrington,11/30/2002,7:00,135.0,ISS based EVA.  SPD's installed.  MBSU cables reconfigured.  NH3 tank lines attached.  UHF antenna deployed (MT ran into stowed UHF antenna resulting in early deploy).  SO DDCU cover installed.,STS-113/11A
139,USA,Ken Bowersox|Don Pettit,01/15/2003,6:51,136.0,ISS based EVA.  Removed debris from Node nadir CBM.  Released P1 truss radiator launch locks (10) to allow deploy.  Failed to install CETA light on S1 (jammed in launch bracket).  Measured the Early Ammonia Servicer (EAS) reservoir.  Retrieved tools from Z1 and airlock tool boxes for future.  Cut away thermal cover strap that delayed EVA by interferring with airlock hatch.,Incr-6
140,USA,Ken Bowersox|Don Pettit,04/08/2003,6:26,137.0,"ISS based EVA.  Reconfigured SO, S1 and P1 cables for future trusses.  Inspected P1 NTA.  Released S1 CETA light stanchion w/Russian hammer and installed one light.  Installed Lab HX spool positioning devices (SPDÂs).  Rerouted cables for redundant power to CMG #2.  Reinstalled S1 radiator beam valve module (RBVM) thermal cover.   Replaced MT RPCM 3A.  Retrieved NH3 tank cap.  Removed tools from Node bag.  Stowed APFR ingress aid on CETA 2 WIF 4.",Incr-6
141,USA,Soichi Noguchi|Steve Robinson,07/30/2005,6:50,138.0,Shuttle based EVA.  Demonstrated repairs of Shuttle thermal protection (tile emittance wash and NOAX on RCC cracks).  Installed External Stowage Platform Attachment Device (ESPAD) outside ISS airlock.  Replaced GPS antenna and retrieved 2 MISSE experiments.  Photographed damaged thermal blanket under Orbiter window,STS-114/LF1
142,USA,Soichi Noguchi|Steve Robinson,08/01/2005,7:14,139.0,"Shuttle based EVA.  Replaced ISS CMG#1.  Stowed old CMG in PLB .  Retrieved/relocated tools for next EVA (handle for ISS thermal radiator rotary joint motor controller, forceps for tile gap filler removal, a foot restraint from ISS robotic arm)",STS-114/LF1
143,USA,Soichi Noguchi|Steve Robinson,08/03/2005,6:01,140.0,"Shuttle based EVA.  Attached External Stowage Platform (ESP2) to ISS, removed/returned ESP2's grapple fixture, installed ISS solar cell exposure experiment MISSE 5, opened/closed sample lid to enable robotic survey of thermal protection samples and removed two Shuttle tile gap fillers.  Inspected/photographed solar beta gimbal assembly restraint bolts and floating potential probe.  ",STS-114/LF1
144,USA,Bill McArthur|Valeri Tokarev,11/07/2005,5:22,141.0,"ISS based EVA.  Egress delayed by 1 hr due to overlooked valve.  Installed P1 TV camera, removed S1 thermal rotary joint motor controller, jettisoned P6 floating potential probe and replaced RPCM of mobile transporter.  Relocated safety tethers and foot restraint as prep for future work.  Camera lens bumper lost overboard.  One of two helmets TVs inoperable. ",Incr-12
145,USA,Piers Sellers|Mike Fossum,07/08/2006,7:31,142.0,ISS based EVA.  Installed cable cutter blade blocker on mobile transporter zenith interface umbilical assembly (IUA).  Demonstrated use of RMS and boom as EV crew work platform for Shuttle thermal protection repairs,STS-121 / ULF1.1
146,USA,Piers Sellers|Mike Fossum,07/10/2006,6:47,143.0,ISS based EVA.  Replaced the mobile transporter's nadir IUA and trailing umbilical cable reel.  Stowed thermal system spare pump on ISS airlock pallet.  SAFER latches found unsecured,STS-121 / ULF1.1
147,USA,Piers Sellers|Mike Fossum,07/12/2006,7:11,144.0,ISS based EVA.  Tested NOAX repairs on samples of Shuttle RCC thermal protection.  Tested infrared camera on ISS radiators and Shuttle RCC.  Installed grapple fixture on S1 truss ammonia tank.  RCC repair spatula lost overboard.,STS-121 / ULF1.1
148,USA,Jeff Williams|Thomas Reiter,08/03/2006,5:54,145.0,ISS based EVA.  Installed floating point measurement unit on S1.  Installed MISSE 3 &4 on airlock.  Installed RJMC and replaced radiator MDM on S1.  Installed S0 radiator line shunt jumpers (2) and fluid disconnect spool positioning devices (3).  Tested infrared camera on RCC samples. Installed CETA light on S1 (connector cap lost) and nonpropulsive valve on Lab.  Removed GPS antenna #2.  Setup 3 foot restraints for 12A.  Retrieved ball stack restraint.  Photographed hatch scratch.  One of two helmets TVs inoperable. ,Incr-13
149,USA,Joe Tanner|Heide Stefanyshyn-Piper,09/12/2006,6:26,146.0,"ISS based EVA.  Connected the P1/P3 lower and upper tray umbilicals.  Released solar array launch restraints and positioned the stowed arrays for automated deployment.  Rotated P4 truss keel pin to stowed position.  Removed of 2 of 16 solar array joint launch locks, deployed all 4 solar array joint braces and removed 2 avionics thermal shrouds.  Lost a small bolt/spring and washer during launch lock cover work. ",STS-115/12A
150,USA,Dan Burbank|Steve MacLean,09/13/2006,7:11,147.0,ISS based EVA.  Removed solar array alpha joint launch locks and restraints.  Lost a bolt from a launch lock cover.  Release of one launch restraint bolt required a wrench cheater bar and both crew for leverage.  Cleared items to permit P3 truss access by the ISS mobile transporter for future assembly work.  Secured the velcro of a partially loose thermal cover on P3 truss.  Removed 2 avionics thermal shrouds and relocated 2 foot restraints.   ,STS-115/12A
151,USA,Joe Tanner|Heide Stefanyshyn-Piper,09/15/2006,6:42,148.0,"ISS based EVA.  Retrieved MISSE-5 experiment.  Installed bolt retainers on the P6 beta gimbal struts.  Unable to engage hinge lock on P6 beta gimbal strut.  Freed snagged tether from mobile transporter.  Release P4 radiator launch restraints.  Set up two foot restraints for 12A.1.  Released bolt torques of P4 MMOD cover.  Replaced S-band antenna and upgraded electronics.  Installed thermal shield on Ku-band antenna electronics.  IR camera imagery of Shuttle wing leading edge.  Due to time on Sband antenna, ran out of time for lab wireless antenna and and ISS radiator IR imagery",STS-115/12A
152,USA,Robert Curbeam|Christer Fuglesang,12/12/2006,6:36,149.0,"ISS based EVA.  Removed launch locks from the P5 truss.  Aided alignment and secured the P5 truss to the P4 truss.  Relocated a radiator grapple fixture.  Replaced a failed camera on the S1 truss (13A prep).  Performed 13A assembly get-ahead tasks (P5 electrical connections, latch opening, 2 of 4 outboard launch locks).  Lost removal socket tool overboard ",STS-116/12A.1
153,USA,Robert Curbeam|Christer Fuglesang,12/14/2006,5:00,150.0,ISS based EVA.  Reconfigured electrical cables of power channels 2 and 3 and Z1 patch panel.  Relocated both CETA carts (13A prep).  Installed insulation on the force moment sensors of ISS robotic arm.  Installed 4 bags containing fluid line and pump module servicing equipment.,STS-116/12A.1
154,USA,Robert Curbeam|Sunita Williams,12/16/2006,7:31,151.0,"ISS based EVA.  Reconfigured electrical cables of power channels 1 and 4, Z1 patch panel and Russian power.  Transfered Service Module MMOD protection panels to PMA3.  Installed the grapple fixture on spare flex hose rotary coupler.  Manually aided retraction of the P6 port solar array-completion deferred to next EVA.  Lost still camera overboard ",STS-116/12A.1
155,USA,Robert Curbeam|Christer Fuglesang,12/18/2006,6:38,152.0,ISS based EVA.  Manually aided full retract of P6 port solar array.  Inspected P6 stbd solar array.  Adjusted new insulation of SSRMS force sensors,STS-116/12A.1
156,USA,Mike Lopez-Alegria|Sunita Williams,01/31/2007,7:55,153.0,ISS based EVA.  Established permanent configuration of the electrical and fluid lines of the loop A thermal system.  Secured and covered the stowed P6 stbd radiator. Relocated 1 of 2 ammonia servicer jumpers.  NH3 leakage induced bakeout and contamination sensing.   Installed ISS to Shuttle power transfer cables between Lab and Z1.  Installed handrail gap spanners on P6.,Incr-14
157,USA,Mike Lopez-Alegria|Sunita Williams,02/04/2007,7:11,154.0,ISS based EVA.  Established permanent configuration of the electrical and fluid lines of the loop B thermal system.  NH3 leakage induced bakeout and contamination sensing.  Relocated ammonia servicer jumper.  Secured the stowed P6 aft radiator.  Retrieved an MDM thermal shade.  Installed ISS to Shuttle power transfer cables between Lab and PMA2.  Retrieved a foot restraint for in-cabin thermal shield removal.  Photographed P6 solar array in prep for retraction.,Incr-14
158,USA,Peggy Whitson|Dan Tani,11/20/2007,7:16,170.0,ISS based EVA.  Installed stbd thermal cooling lines on Node 2.  Connected elec cables to PMA2.  Lost wiretie overboard and EV2 biomed signal failed,Incr-16
159,USA,Mike Lopez-Alegria|Sunita Williams,02/08/2007,6:40,155.0,ISS based EVA.  Removed and jettisoned 4 thermal shrouds. Deployed P3 cargo attachment site  Removed last 2 launch locks from the P5 truss. Finished installation of ISS to Shuttle power transfer cables and reinstalled an in-cabin reconfigured foot restraint.  Photoed PMA2 docked audio connector.  ,Incr-14
160,USA,Jim Reilly|Danny Olivas,06/11/2007,6:15,156.0,"ISS based EVA.  Connected electrical lines btw S1 and S3/S4 trusses.  Unstowed solar array blanket boxes and beta gimbals.  Stowed the S3/S4 keel.   Removed and jettisoned thermal shrouds from 5 avionics boxes.  Released restraints for S4 radiator deployment.  Engaged drive lock, removed 6 launch locks and rigidized struts of S4 solar array alpha joint.  Removed SVS target to clear MT path",STS-117/13A
161,USA,Pat Forrester|Steve Swanson,06/13/2007,7:16,157.0,"ISS based EVA.  Aided retraction of enough bays of P6 solar array to permit alpha joint rotation.  Removed 10 of 16 launch locks, deloyed braces and engaged drive lock of S3 solar array alpha joint",STS-117/13A
162,USA,Danny Olivas|Jim Reilly,06/15/2007,7:58,158.0,ISS based EVA.  Replaced vent valve on Lab for US O2 generator.  Secured loose thermal blanket on Shuttle OMS pod.  Finished retracting P6 solar array,STS-117/13A
163,USA,Pat Forrester|Steve Swanson,06/17/2007,6:29,159.0,"ISS based EVA.  Opened H2 vent for new US O2 generator.  Installed video camera stand.  Verified drive lock config and removed 6 launch restraints of the S3 solar array alpha joint.   Stowed S3 drag link and keel pin.  Released S4 MMOD shield bolts.  Cleared MT path.  Installed FGB-Node1 local area network cable, but had to subsitute tether hooks for several MMOD shield fasteners.  Relocated foot restraint and removed handrail near Node 1 nadir port",STS-117/13A
164,USA,Clay Anderson|Fyodor Yurchikhin,07/23/2007,7:41,160.0,"ISS based EVA.  Installed a video camera stand and jettisoned its stowage restraints.  Replaced a failed RPCM to restore mobile transporter power redundancy.  Jettisoned the early ammonia servicer.  Cleaned the Node1 berthing mechanism seal.  Relocated the P6 aux bag to Z1, removed failed GPS antenna #4 and released Node 2 fluid tray bolts.",Incr-15
165,USA,Rick Mastracchio|Dave Williams,08/11/2007,6:17,161.0,ISS based EVA.  Installed the S5 truss and connected S4-S5 electrical lines.  Relocated the radiator grapple fixture on S5.  Removed S5-S6 launch locks on S5 and opened the S5-S6 capture latch.  Secured the auto retracted P6 radiator.,STS-118/13A.1
166,USA,Rick Mastracchio|Dave Williams,08/13/2007,6:28,162.0,ISS based EVA.  Replaced failed CMG 3 and stowed failed unit on pallet outside ISS airlock for return on future Shuttle mission.  Photographed MISSE 3 & 4 experiments.  ,STS-118/13A.1
167,USA,Rick Mastracchio|Clay Anderson,08/15/2007,5:28,163.0,ISS based EVA.  Relocated the S-band antenna from P6 to P1 and installed new signal processor and transponder on P1.  Retrieved P6 transponder.  Relocated CETA carts.  Damaged glove terminated EVA early.,STS-118/13A.1
168,USA,Dave Williams|Clay Anderson,08/18/2007,5:02,164.0,ISS based EVA.  Installed the Orbiter inspection boom restraints on S1.  Engaged S-band antenna gimbal locks on Z1.  Retrieved MISSE 3&4 experiments.  Installed antennas for external wireless sensors on Lab,STS-118/13A.1
169,USA,Scott Parazynski|Doug Wheelock,10/26/2007,6:14,165.0,ISS based EVA.  Stowed old S-band antenna in Shuttle for return.  Released launch power cable from Node 2 and temp secured grapple fixture on Node 2.  Resecured Node 2 window cover that opened during launch.  Demated Z1-P6 fluid lines and covered stowed radiator and avionics box on P6.  Did post EVA ammonia cleanup for minor leak during fluid line demating.  One gloved NO GO after EVA due to cut damage.,STS-120/10A
170,USA,Scott Parazynski|Dan Tani,10/28/2007,6:33,166.0,"ISS based EVA.  Demated Z1 to P6 umbilicals and attachment bolts.  Installed Node 2 EVA aids (handrails, foot restraint sockets, slidewire).  Removed all Node 2 berthing mechanism pins, but lost one pin within cover.  Confirmed handrail on CETA cart not source of glove damage.  Inspected starboard solar array alpha joint and collected sample of metallic debris on tape.  Both still cameras and one suit earphone failed.  Configure S1 radiator release cable for deployment and main bus switching unit for P6 startup.  Installed all 4 bolts for Node 2 grapple fixture.",STS-120/10A
171,USA,Scott Parazynski|Doug Wheelock,10/30/2007,7:08,167.0,"ISS based EVA.  Connected 4 bolts and 4 cables to mate P6 to P5.  Inspected port solar array alpha joint and found no issues.  Removed solar array avionics thermal shroud.  Released P6 radiator restraints to permit deployment.  Reconfigured P1 radiator cabling for deploy.  Relocated spare MBSU to ISS.  Retrieved N2 vent tool, relocated vent tool bag and installed 1 of 4 S0 gap spanners.  Left a camera outside accidently.  One suit and one glove determined NO GO post EVA due to sublimator degraded and thermal garment damage",STS-120/10A
172,USA,Scott Parazynski|Doug Wheelock,11/03/2007,7:19,168.0,"ISS based EVA.  Inspected and repaired damaged P6 solar array and supported full deployment.  Installed 5 ""cuff links"" as reinforcements for separated panel hinges.  Cut frayed snagged hinge and guide wires.  Retrieved 2 foot restraints with suspect sharp edges for IVA inspect/correct.  Retrieved camera left out by prior EVA.  Pliers lost.",STS-120/10A
173,USA,Peggy Whitson|Yuri Malenchenko,11/09/2007,6:55,169.0,"ISS based EVA.  Prepared PMA2 for relocation to Node 2.  Demated electrical cables, removed light on Lab and removed thermal cover from Node 2 fwd port.  Connected power/data cables for Node 2 grapple fixture.  Connected power cable for service module power.  Replaced failed RPCM.  Reconfigured FGB-PMA1 jumpers.  Retrieved S-band signal processor.  Relocated ammonia vent tool bag on airlock.  Unable to install Node 2 handrail.  Wore overgloves for sharp edge protection",Incr-16
174,USA,Peggy Whitson|Dan Tani,11/24/2007,7:04,171.0,ISS based EVA.  Installed port thermal cooling lines on Node 2.  Connected elec cables to PMA2.  Inspected and photoed stbd solar array joint,Incr-16
175,USA,Peggy Whitson|Dan Tani,12/18/2007,6:56,172.0,ISS based EVA.  Inspected stbd solar array alpha and beta joints.  No obvious causes found for rotation issues.  Retrieved 1 trundle bearing from alpha joint for in-cabin and ground assessments.,Incr-16
176,USA,Peggy Whitson|Dan Tani,01/30/2008,7:10,173.0,ISS based EVA.  Replaced failed solar array beta gimbal unit and inspected alpha joint,Incr-16
177,USA,Rex Walheim|Stan Love,02/11/2008,7:58,174.0,"ISS based EVA.  Enabled Columbus installation (demated STS heater cables, installed grapple fixture, removed window & berthing mech covers) and began prep of nitrogen tank transfer by loosening bolts.  Accidently found possible source of cut gloves on airlock handrail (MMOD impact)",STS-122/1E
178,USA,Rex Walheim|Hans Schlegel,02/13/2008,6:45,175.0,ISS based EVA.  Replaced nitrogen tank on P1 truss and installed old tank on Shuttle for earth return.  Installed trunnion covers on Columbus,STS-122/1E
179,USA,Rex Walheim|Stan Love,02/15/2008,7:25,176.0,ISS based EVA.  Installed 2 ESA science experiments. Photographed sharp edge on airlock handrail,STS-122/1E
180,USA,Rick Linnehan|Garrett Reisman,"March 13-14, 2008",7:01,177.0,ISS based EVA.  Enabled installation of Japanese logisics module by demating heater cables and removed berthing mechanism covers.  Installed tool devices on Canadian SPDM robot arms.  Marked sharp edge on airlock handrail with wiretie and found 2nd sharp edge on portable handle,STS-123/1JA
181,USA,Rick Linnehan|Mike Foreman,"March 15-16, 2008",7:08,178.0,ISS based EVA.  Installed both arms on Canadian SPDM robot.  Had to use prybar to release 2 expandable dia fasteners,STS-123/1JA
182,USA,Rick Linnehan|Robert Behnken,"March 17-18, 2008",6:53,179.0,"ISS based EVA. Installed cameras, lights and tool and spares holders on SPDM.  Removed all but a few blankets from SPDM.  Readied SPDM's spacelab pallet for return via Shuttle.  Transferred spares from Shuttle to ISS (robotic yaw joint, 2 DCSU).  Installed experiment pallet on Columbus.  Unable to install MISSE experiments on pallet due to blocked pip pin hole.",STS-123/1JA
183,USA,Robert Behnken|Mike Foreman,"March 20-21, 2008",6:24,180.0,"ISS based EVA.  Replaced failed RPCM to permit separate power to CMG2, but not able to demate elec connector of Z1 patch panel to enable power reconfig.  Tested Shuttle tile repair materials, tools and techniques.  Released launch locks of Node 2 nadir and port berth mech.  Removed last thermal cover from SPDM hand.  Did not find previously missing berth mech pip pin.  While restowing MMOD damaged portable handle outside Z1 truss, additional MMOD impacts were found on Z1 tool box",STS-123/1JA
184,USA,Robert Behnken|Mike Foreman,03/22/2008,6:02,181.0,ISS based EVA.  Stowed Shuttle inspection boom on ISS S1 truss with keep alive power.  Installed trundle bearing on stbd solar array alpha joint and completed inspections under joint covers.  Installed MISSE experiments on pallet outside Columbus (1 reqd light hammering of pip pins).  Trunnion covers installed on Japanese module. Cutters stowed in airlock tool box,STS-123/1JA
185,USA,Mike Fossum|Ron Garan,06/03/2008,6:48,182.0,"ISS based EVA. Released special launch restraint of elbow camera of Shuttle robotic arm. Demated Shuttle inspection boom from ISS truss to permit return/use. Prepared Japanese module for install by demating cables from Shuttle, removing berthing mech covers and releasing window locks. Worked on damaged solar array joint by reinstalling trundle bearing, confirming divot and demonstrating cleaning and lubrication. Verified cargo latch ops on mobile transporter. Removed solar array joint launch restraint.",STS-124/1J
186,USA,Mike Fossum|Ron Garan,06/05/2008,7:11,183.0,"ISS based EVA. Installed 2 cameras for JEM robot arm op.  Removed thermal covers from JEM arm.  Prepped JEM berthing mech for stowage module relocation (remove cover, release launch restraints, eliminate insulation interference).  Installed JEM trunnion and keep pin covers.  Prepped for N2 tank replacement.  Retrieved failed camera from truss. Inspected port solar array joint (wear and grease buildup as during past inspection but no metal shavings).",STS-124/1J
187,USA,Mike Fossum|Ron Garan,06/08/2008,6:33,184.0,"ISS based EVA. Replaced N2 tank on S1 truss.  Reinstalled repaired truss camera.  Finished JEM interfaces (window launch locks, berthing mech MMOD shields, robotic arm insulation/launch lock). Sampled port solar array joint contamination.  Removed stbd solar array joint launch restraint",STS-124/1J
188,USA,Heide Stefanyshyn-Piper|Steve Bowen,11/18/2008,6:52,185.0,"ISS based EVA. Empty N2 tank transferred to Shuttle.  Spare flex hose rotary coupler relocated to ISS.  Thermal covers removed from JEM ext facility berthing mechanism.  Initiated cleaning and lube of stbd SARJ.  2 stbd SARJ trundle bearings replaced and 1 removed.  Lost bag of SARJ cleaning/lube tools overboard.  As bonus, removed SARJ launch restraint, closed Node 2 hatch cover and retrieved spare trash bag from tool box",STS-126/ULF2
189,USA,Chris Cassidy|Tom Marshburn,07/27/2009,4:54,201.0,"ISS based EVA.  Adjusted SPDM thermal covers.  Reconfiged elec connectors of Z1 patch panel to restore CMG pwr redundancy.  Installed two JEM external facility video cameras.  Installed JEM handrail, foot restraint socket and gap spanner. Relocated a foot restraint.  Due to high use dry out of CO2 can, lacked time to deploy S3 pallet",STS-127/2JA
190,USA,Heide Stefanyshyn-Piper|Shane Kimbrough,11/20/2008,6:45,186.0,ISS based EVA. Relocated both CETA carts from stbd to port truss to prep for S6 truss assy on next STS flt.  Continued replacement of cleaning/lube of stbd solar array joint and replacement of trundle bearings.  Overtightened one new trundle bearing and had to use spare.  Lubed end effector snares of ISS robotic arm.  Reconfigured connectors of port truss attach system bolt controller and photoed suspect area of mobile transporter umbilical. Tasks ended early due to higher than expected work rate for regenerable C02 canister,STS-126/ULF2
191,USA,Heide Stefanyshyn-Piper|Steve Bowen,11/22/2008,6:57,187.0,ISS based EVA. Replaced all of the remaining stbd trundle bearings except one.  Cleaned and lubed stbd race ring.,STS-126/ULF2
192,USA,Steve Bowen|Shane Kimbrough,11/24/2008,6:07,188.0,"ISS based EVA. Lubricated port SARJ race ring.  Replaced last trundle bearing on stbd SARJ.  Retracted failed latch of JEM ext facility berth mech and installed covers.  For HTV, installed 1 of 2 GPS antennas on JEM logistics module for HTV and a camera on P1 truss.  Tasks ended early due to higher than expected work rate for regenerable C02 canister (same prior crewmember)",STS-126/ULF2
193,USA,Steve Swanson|Richard Arnold,03/19/2009,6:07,189.0,"ISS based EVA. Bolted S6 to S5 truss and mated electrical cables.  Stowed X6 keel pin, deployed solar array linkages (1 of 4 latches did not engage), removed/jettisoned avionics thermal covers, released radiator restraints and removed blanket box restraints.  Deployed S6 avionics MMOD shield",STS-119/15A
194,USA,Steve Swanson|Joseph Acaba,03/21/2009,6:30,190.0,"ISS based EVA. Loosened restraints of P6 batteries for future replacement.  Unable to fully deploy P3 interface for future ORU spares (adj diameter pin suspect).  Due to time, deferred S3 payload attach sys deploy.  Due to elec conn demate failure, deferred Z1 patch panel reconfig for CMG pwr.  Installed JEM GPS antenna.  Took infrared images of P1 & S1 radiators",STS-119/15A
195,USA,Richard Arnold|Joseph Acaba,03/23/2009,6:27,191.0,"ISS based EVA. Relocated one CETA cart from port to stbd side of mobile transporter.  Again unable to finish deploy of P3 spares attach sys.  Again deferred S3 payload attach deploy and Z1 patch panel reconfig.  Lubed robotic arm end effector snares, replaced CETA cart coupler, reconfigured elec conns of truss attach bolts and freed clamps of flex hose rotary coupler.  Suit CO2 sensor failed and SAFER handcontroller door accidently opened",STS-119/15A
196,USA,John Grunsfeld|Andrew Feustel,05/14/2009,7:20,192.0,HST servicing.  Replaced wide field camera (after high torque time consuming bolt release) and science computer.  Installed soft capture mechanism for future automated disposal mission.  Installed 2 of 3 bolt/latch mechanisms on large doors (after difficulties with alignments).  ,STS-125/HST 4
197,USA,Mike Massimino|Mike Good,05/15/2009,7:56,193.0,HST servicing.  Replaced 3 of 3 gyro packages and 1st group of 3 batteries.  Tolerance issue forced installation of 1 non-optimum but adequate spare gyro.  Difficulty closing doors to gyro bay.,STS-125/HST 4
198,USA,John Grunsfeld|Andrew Feustel,05/16/2009,6:36,194.0,HST servicing.  Replaced COSTAR with cosmic origins spectrograph (COS).  Repaired failed advanced camera for surveys (ACS) with removal of 4 detector circuit boards and installation of new power supply and new detector circuit boards,STS-125/HST 4
199,USA,Mike Massimino|Mike Good,05/17/2009,8:02,195.0,HST servicing.  Repaired failed space telescope imaging spectrograph (STIS) with new power supply board.  Time lost to stuck handrail bolt and failed power tool battery.  Ran out of time to install new outer blanket (NOBL) #8.  ,STS-125/HST 4
200,USA,John Grunsfeld|Andrew Feustel,05/18/2009,7:02,196.0,"HST servicing.  Installed 2nd/last group of batteries.  Replaced fine guidance sensor (FGS).  Installed NOBLs 8, 5 and 7 (lots of loose debris with 2nd).  Reinstalled low gain antenna cover to permanently protect exposed antenna parts after tip accidently broken off during equipment cleanup",STS-125/HST 4
201,USA,Dave Wolf|Tim Kopra,07/18/2009,5:32,197.0,ISS based EVA. Aided JEM exposed facility install by jettisoning berthing mech covers and removing launch heater cable.  Aided spares pallet transfer by removing launch heater cable.  Removed JEM robot arm ground tab.  Opened Node 1 & 2 berthing camera blankets as prep for PMA3 relocate and HTV arrival.  Reconfig port CETA cart outfitting and rail stop to avoid interferences.  Deployed external pallet site on P3 using special detent tool (S3 pallet deploy deferred).  Removed cover from JEM MAXI experiment.  Released NH3 tank bolt as prep for replace.  Installed 2 of 6 ground connector sleeves for Shuttle to ISS power transfer sys,STS-127/2JA
202,USA,Dave Wolf|Tom Marshburn,07/20/2009,6:52,198.0,ISS based EVA.  Transfered 3 large spares to ISS.  Installed grapple bar on P1 ammonia tank as prep for future replace.  Installed 2 of 6 ground connector sleeves for Shuttle to ISS power transfer sys.  Comm cap perf poor due to sweat,STS-127/2JA
203,USA,Dave Wolf|Chris Cassidy,07/22/2009,5:59,199.0,ISS based EVA.  Relocated foot restraint socket for HTV arrival prep. Prepped 3 payloads for robotic install outside JEM. Installed 2 of 6 ground connector sleeves for Shuttle to ISS power transfer sys.  Replaced 2 batteries on P6 truss and stowed 2 old batts in Shuttle for return. Stopped early due to suit CO2 increase induced by high work rate,STS-127/2JA
204,USA,Chris Cassidy|Tom Marshburn,07/24/2009,7:12,200.0,ISS based EVA.  Replaced 4 batteries on P6 truss and stowed old batts in Shuttle for return.  ,STS-127/2JA
205,USA,Danny Olivas|Nicole Stott,09/01/2009,6:35,202.0,ISS based EVA.  Removed NH3 tank from P1 and temp stowed.  Transferred MISSE 6a/b & EuTEF experiments to Shuttle,STS-128/17A
206,USA,Danny Olivas|Christer Fugelsang,09/03/2009,6:39,203.0,ISS based EVA.  Start delayed to redo prebreathe after comm cap readjust.  Installed new NH3 tank on P1 and stowed old tank on Shuttle.  Installed grapple bar on S1 NH3 tank.  Unable to connect PMA3 heater cables due to prior incorrect clocking of PMA3.  Installed camera lens covers on station arm as prep for HTV.  Relocated a tool stanchion,STS-128/17A
207,USA,Danny Olivas|Christer Fugelsang,09/05/2009,7:01,204.0,ISS based EVA.  Deployed S3 zenith pallet.  Replaced failed rate gyro #2 and RPCM on S0.  Installed 2 GPS antennas.  Removed Node1 slidewire as prep for Node3.  Installed two S0-Node3 cables (one connector unable to mate).  Helmet TV camera/lights almost lost overboard due to bumped latches,STS-128/17A
208,USA,Mike Foreman|Robert Satcher,11/19/2009,6:37,205.0,ISS based EVA.  Installed spare Sband antenna and cables for spare Kuband antenna.  Prepped for Node3 install (replace handrail w/ NH3 line bracket).  Lubricated end effectors of mobile transporter payload base and JEM robot arm.  Installed FGB-Node1 network cable.  Deployed S3 payload attach structure,STS-129/ULF3
209,USA,Mike Foreman|Randy Bresnick,11/21/2009,6:08,206.0,ISS based EVA.  Installed ham radio antennas on Columbus.  Relocated floating potential measure unit from S1 to P1. Deployed the last two payload attach structures and installed wireless video transcvr (all on S3).  Retrieved foot restraint for cabin reconfig and relocated tool stanchion.  Photographed suspect seals on Node 2 berth mechanism,STS-129/ULF3
210,USA,Robert Satcher|Randy Bresnick,11/23/2009,5:42,207.0,ISS based EVA.  Start delayed by detached drink bag valve. Relocated some airlock MMOD shields and installed O2 tank outside US airlock. Installed MISSE experiments 7A & 7B on external logistics carrier. Released bolt on NH3 tank. Installed thermal covers on mobile base and two fluid jumpers. Relocated a foot restraint,STS-129/ULF3
211,USA,Bob Behnken|Nick Patrick,"Feb 11-12, 2010",6:32,208.0,ISS based EVA.  Prepared Node 3 for ISS install by removing covers and heater cables.  Prepositioned ammonia lines and thermal covers.  Installed Node 3 avionics and heater cables.  Removed/stowed the SPDM ORU Temporary Platform (OTP).  Relocated NH3 jumper bag and released tape restraining Node 3 gap spanners.  One suit fan degraded slightly,STS-130/20A
212,USA,Bob Behnken|Nick Patrick,"Feb 13-14, 2010",5:53,209.0,"ISS based EVA.  Outfitted Node 3 by installing 2 NH3 lines, heater cables, trunnion/keel thermal covers, negative pressure vent, handrail gap spanners and 8 handrails.  Opened loop A NH3 line and nadir berthing mechanism pedals and centerline camera thermal cover.  Visually verified berthing seals OK.  Small NH3 leak induced suit bakeout.  Comm degraded on one suit",STS-130/20A
213,USA,Bob Behnken|Nick Patrick,"Feb 16-17, 2010",5:48,210.0,"ISS based EVA.  Connected PMA3 heater and data cables.  Opened loop B NH3 line.  Disconnected Node 3 temp heater cable.  Removed Cupola thermal covers and released launch locks of window shutters  Installed Node 3 handrails, foot restraint sockets and a handrail gap spanner.  Routed FGB grapple fixture video cable.  Closed Node 2 zenith centerline berthing camera flap",STS-130/20A
214,USA,Rick Mastracchio|Clayton Anderson,04/09/2010,6:28,211.0,ISS based EVA.  Temp stowed new NH3 tank on ISS robot arm.  Retrieved JAXAA's MPAC/SEED experiment for return.  Replaced rate gyro assembly #1. Relocated a foot restraint socket extender.  Removed P1 flex hose rotary coupler launch restraint bolts and released cable clamps.  Tightened grapple fixture attachment bolts of old NH3 tank as prep for return to Shuttle,STS-131/19A
215,USA,Rick Mastracchio|Clayton Anderson,04/11/2010,7:26,212.0,ISS based EVA.  Removed old NH3 tank and temp stowed on CETA cart.  Overcame a troublesome bolt and installed new NH3 tank/cables.  Installed 2 radiator grapple beams and relocated a foot restraint,STS-131/19A
216,USA,Rick Mastracchio|Clayton Anderson,04/13/2010,6:24,213.0,"ISS based EVA.  Finished installing new NH3 tank (fluid lines).  Stowed old NH3 tank (despite a balky bolt) and airlock MMOD shields for Shuttle return.  Relocated grapple fixture from old tank to new tank.  As prep for next Shuttle flt, relocated foot restraint and prepped cables for spare Sband antenna",STS-131/19A
217,USA,Garrett Reisman|Steve Bowen,05/17/2010,7:25,214.0,ISS based EVA.  Installed an operational spare Ku antenna boom and dish on Z1.  Installed ORU holder on SPDM.  Loosened bolts on new batteries for P6,STS-132/ULF4
218,USA,Steve Bowen|Michael Good,05/19/2010,7:09,215.0,ISS based EVA.  Unsnagged cable of orbiter inspection boom sensor.  Replaced 4 batteries on P6.  Finished bolting Ku antenna dish to boom and releasing launch locks,STS-132/ULF4
219,USA,Garrett Reisman|Michael Good,05/21/2010,6:46,216.0,ISS based EVA.  Installed NH3 jumper on port truss.  Replaced 2 batteries on P6.  Transferred grapple fixture to ISS for later install on FGB.,STS-132/ULF4
220,USA,Doug Wheellock Tracy Caldwell Dyson,08/07/2010,8:03,217.0,"ISS based EVA.  Demated 3 of 4 NH3 connectors from failed coolant pump, but the 4th leaked and was left installed.  Ended work to do suit decontamination. EV2 CO2 sensor failed",Incr-24
221,USA,Doug Wheellock Tracy Caldwell Dyson,08/11/2010,7:26,218.0,"ISS based EVA.  After remote cmds reduced upstream pressure, demated 4th NH3 connector and then demated electrical connectors.  Installed grapple fixture, unbolted old pump, temp stowed it and then demated electrical connectors of new pump",Incr-24
222,USA,Doug Wheellock Tracy Caldwell Dyson,08/16/2010,7:20,219.0,ISS based EVA.  Installed new coolant pump and stowed support equipment.  Connected CETA carts to mobile transporter for unobstructed remote cmd translation.,Incr-24
223,USA,Steve Bowen|Alvin Drew,02/28/2011,6:34,220.0,ISS based EVA.  Installed backup power cable for new stowage module.  Relocated failed pump module and prepped it for NH3 venting to enable future return.  Repositioned Z1 truss RPCM thermal blanket and an EVA foot restraint socket extension.  Retrieved foot restraint for incabin maintenance.  Added wedge to S1 camera for clearance with nearby logistics carrier.  Enabled MT and CETA cart translation past stbd solar array joint by installing rail extensions and removing stops.  Collected vacuum in JAXA experiment bottle.,STS-133/ULF5
224,USA,Steve Bowen|Alvin Drew,03/02/2011,6:14,221.0,"ISS based EVA.  Late start due to suit leak from damaged CO2 can O-ring.  Vented NH3 from failed pump module enabling future return. Retrieved tool stowage bags used in past pump replacement.  Installed light on port CETA cart, camera on SPDM robot and 3 camera lens covers.  Repositioned camera sunshade for clear view.  Resecured loose radiator grapple beam. Retrieved pallet with MISSE data for return.  Removed thermal insulation from several locations.  Reinstalled foot restraint and relocated another. Relocated Strela grapple fixture adapter to FGB.  Early end due to partly detached helmet lights.",STS-133/ULF5
225,USA,Andrew Feustel|Greg Chamitoff,05/20/2011,6:19,222.0,"ISS based EVA.  Retrieved MISSE 7.  Installed MISSE 8, light on S3, stbd SARJ cover and port truss NH3 jumper (for radiator leak topoff). Vented N2 from port NH3 servicer lines and disconnected line across SARJ for overnight motions.  Mechanically installed 2 payload wireless antennas on Lab, but did not finish connecting all cables under MMOD shields due to suit CO2 transducer failure that shortened task time.  Setup NH3 vent tool bag for next EVA. EV2 biomed data lost early and topped off suit O2 due to high metabolic use rate.",STS-134/ULF6
226,USA,Andrew Feustel|Mike Fincke,05/22/2011,8:07,223.0,"ISS based EVA.  Reconnected fill line, refilled P6 radiator NH3, vented refill lines and disconnected line across SARJ.  Did suit solar bakeout due to suspected NH2 leak from disconnect. Lubricated 1/3 of port SARJ (lost 1 bolt & 3 washers from joint covers, one cover returned to airlock due to too few remaining bolts) and SPDM end effector.  Installed SPDM camera cover and 2 stbd radiator grapple bar stowage beams",STS-134/ULF6
227,USA,Andrew Feustel|Mike Fincke,05/25/2011,6:54,224.0,"ISS based EVA.  Installed FGB PDGF/stand, video signal conditioner and a portion of associated cables.  Installed cables for backup power from US to Russian segment.  Finished installing cables under MMOD shields for 2 payload wireless antennas.  Installed thermal blanket on airlock O2 tank grapple fixture.  Infrared video of AirForce aerogel thermal insulation experiment.  Std photos of FGB PDGF and nearby FGB thrusters.  Resecured velcro of loose thermal insulation on external spare.  Antifog temporarily irritated EV1 eye ",STS-134/ULF6
228,USA,Mike Fincke|Greg Chamitoff,05/27/2011,7:24,225.0,ISS based EVA.  Permanently stowed orbiter inspection boom on ISS to expand future EVA/robotic reach for maint.  Removed P6 PDGF and installed on orbiter boom in place of EFGF to enable SSRMS handling.  Released expandable diam fasteners of spare SPDM arm.  EV2 topped off suit O2.  Took photos of DOD experiments.,STS-134/ULF6
229,USA,Ron Garan|Mike Fossum,07/12/2011,6:31,226.0,"ISS based EVA.  Transfered failed 1400lb pump module from ISS to Shuttle for return.  Transfered GSFC's satellite robotic refueling demo unit from Shuttle to ISS.  Add MISSE 8's ORMATE optical mirror experiment to ISS. As getaheads, installed PMA3 thermal cover, repositioned FGB PDGF's obstructing ground wire under thermal insulation and retrieved cutter for next Russian EVA",ISS-Incr 28 during STS-135/ULF7
230,USA,Sunita Williams|Akihiko Hoshide,08/30/2012,8:17,227.0,ISS based EVA.  Installed 1 of 2 power cables for future MLM use.  Removed and stowed failed MBSU.  Unable to install new MBSU and left it tied down. Contaminated sublimator plate reduced cooling at end of EVA and led to suit declared no-go for future,ISS-Incr 32
231,USA,Sunita Williams|Akihiko Hoshide,09/05/2012,6:28,228.0,"ISS based EVA.  Removed MBSU after releasing alignment sensitive bolt.  Photographed, inspected, cleaned and lubricated mechanical bolts and receptacles.  Ran spare bolt in and out of receptacle to smooth threads.  Using basic manual wrench for alignment touch, MBSU was bolted down.  Failed SSRMS camera replaced.",ISS-Incr 32
232,USA,Sunita Williams|Akihiko Hoshide,11/01/2012,6:38,229.0,Bypassed coolant system ammonia leak with jumper connections and backup radiator deployment.  Inspected solar array joint for cause of recent increase in friction.,ISS-Incr 32
233,USA,Chris Cassidy|Tom Marshburn,05/11/2013,5:31,230.0,Replaced P6 truss pump flow control system box due to leak in coolant system.  Stowed old unit.  Performed precautionary ammonia bakeout.,ISS Incr-35
234,USA,Chris Cassidy|Luca Parmitano,07/09/2013,6:07,231.0,"Replaced failed Ku antenna avionics.  Retrieved 2 materials exposure experiments.  Took photos of contaminated radiator of AMS.  Installed 2 radiator grapple bars.  Routed MLM power cable to FGB.  Removed failed camera of mobile transporter.  Installed PMA2 MMOD cover, Z1 bypass jumper power cables and MLM data cable.  Cleared ground wire obstructing FGB PDGF",ISS Incr-36
235,USA,Chris Cassidy|Luca Parmitano,07/16/2013,1:32,232.0,EVA terminated early due to free water in EV2's helmet.  Completed install of Z1 bypass jumper cable and FGB PDGF data cable.  Partially routed MLM data cable.,ISS Incr-36
236,Russia,Alexei Leonov,"Mar. 18, 1965",0:12,233.0,"WorldÂs first EVA, Berkut umbilical suit, Volga inflatable airlock.  Had to partially reduce suit pressure to turnaround in airlock and close hatch",Voskhod 2
237,Russia,Aleksei Yeliseyov|Yevgeni Khrunov,"Jan. 16, 1969",0:37,234.0,"New airlock, Yastreb self-contained life support suit, vehicle-vehicle EVA crew transfer.  Lost camera",Soyuz 4&5
238,Russia,Victor Lazerov|Oleg Makarov,Sept. 1973,0:00,235.0,New Orlan D suits checked out inside cabin,Soyuz 12
239,Russia,Yuri Romanenko|Georgi Grechko,"Dec. 20, 1977",1:28,236.0,Docking unit inspection. Tested new Orlan D suits.  G. saves R. from untethered loss out of airlock.  Both always attached via umbilicals??,Soyuz 26|Salyut 6
240,Russia,Vladimir Kovalyonok|Alexandr Ivanchenkov,07/29/1978,2:05,237.0,"Replace scientific samples, test new suits",Soyuz 29|Salyut 6
241,Russia,Vladimir Lyakhov|Valeri Ryumin,08/15/1979,1:23,238.0,"Free damaged/jammed 10m diameter KRT-10 antenna with cable cutters, forked stick and boot",Soyuz 32|Salyut 6
242,Russia,Anatoli Berezovsky|Valentin Lebedev,07/30/1982,2:33,239.0,"Replace scientific equipment, remove ISTOK-2 exposed materials/structure.  Improved Orlan D suit used.",Soyuz T-5|Salyut 7
243,Russia,Vladimir Lyakhov|Alexandr Alexandrov,"Nov. 1, 1983",2:49,240.0,"After in-cabin improvised repair of damaged suit leg bladder using aluminum ring and rubber, installed one solar array addition",Soyuz T-9|Salyut 7
244,Russia,Vladimir Lyakhov|Alexandr Alexandrov,"Nov. 3, 1983",2:55,241.0,Install second solar array addition,Soyuz T-9|Salyut 7
245,Russia,Leonid Kizim|Vladimir Solovyov,04/23/1984,4:15,242.0,"Place tool boxes, equipment, portable ladder.  Use pnuematic punch & cutter to get thru station skin.   ",Soyuz T-10|Salyut 7
246,Russia,Leonid Kizim|Vladimir Solovyov,04/26/1984,5:00,243.0,"Install pipe/valve, purge and leak check manfold",Soyuz T-10|Salyut 7
247,Russia,Leonid Kizim|Vladimir Solovyov,04/29/1984,2:45,244.0,"Add pipe, leak check, cover with blanket",Soyuz T-10|Salyut 7
248,Russia,Leonid Kizim|Vladimir Solovyov,05/04/1984,2:45,245.0,Continue leaky propellant line repair/replace,Soyuz T-10|Salyut 7
249,Russia,Leonid Kizim|Vladimir Solovyov,05/18/1984,3:03,246.0,Install solar array additions (2).  Jettison boxes,Soyuz T-10|Salyut 7
250,Russia,Leonid Kizim|Vladimir Solovyov,08/08/1984,5:00,247.0,Remove thermal cover w/ special tool.  Seal leaky propellant oxidizer pipe with pinching device.  Cut  free & bring in solar array section,Soyuz T-10|Salyut 7
251,Russia,Svetlana Savitskaya|Vladimir Dzhanibekov,07/25/1984,3:34,248.0,"First female EVA.  Welding, cutting, soldering, metal spraying with Paton Institute tool",Soyuz T-12|Salyut 7
252,Russia,Vladimir Dzhanibekov|Victor Savinykh,"Aug. 2, 1985",4:58,249.0,"Install solar array addition (2), install French ISTOK-EM micro-meteroid collectors, test new Orlan DM suit",Soyuz T-13|Salyut 7
253,Russia,Leonid Kizim|Vladimir Solovyov,05/28/1986,3:40,250.0,Ferma-Postroite 15m truss deploy/stow.  Install Mayak optical instrument.  Retrieve ISTOK-EM material samples.  Test new Orlan DM suits,Soyuz T-15|Salyut 7
254,Russia,Leonid Kizim|Vladimir Solovyov,05/31/1986,5:01,251.0,Ferma-Postroite 15m truss deploy after installing vibration measurement unit. Complete Mayak deploy manually.  Weld truss joints.  ,Soyuz T-15|Salyut 7
255,Russia,Yuri Romanenko|Alexandr Laveykin,04/11/1987,3:39,252.0,Debris removed to restore docking between Kvant and Mir modules.  Robot arm temporarily increased distance between Kvant & Mir for manual debris access.  L. tried low suit P reg position which did not immediately stabilize,Soyuz TM-2|Mir
256,Russia,Yuri Romanenko|Alexandr Laveykin,06/12/1987,1:53,253.0,Assembly of modified solar arrays,Soyuz TM-2|Mir
257,Russia,Yuri Romanenko|Alexandr Laveykin,06/16/1987,3:15,254.0,Assembly of modified solar arrays,Soyuz TM-2|Mir
258,Russia,Vladimir Titov|Musa Manarov,"Feb. 26,1988",4:10,255.0,"Disassemble modified arrays, install test arrays",Soyuz TM-4|Mir
259,Russia,Vladimir Titov|Musa Manarov,06/30/1988,5:10,256.0,Replace Xray telescope detector module,Soyuz TM-4|Mir
260,Russia,Vladimir Titov|Musa Manarov,"Oct. 20, 1988",4:12,257.0,"Complete replacement of telescope detector module, use new Orlan DMAÂs",Soyuz TM-4|Mir
261,Russia,Alexandr Volkov|Jean-Louc Chretien,"Dec. 9, 1988",5:57,258.0,French ERA truss experiment deploy and jettison.  Deploy Enchantillon materials experiment,Soyuz TM-7|Mir
262,Russia,Alexandr Viktorenko|Alexandr Serebrov,01/08/1990,2:57,259.0,Install 2 star trackers on Kvant 1.  Remove MMK2 panel from base block,Soyuz TM-8|Mir
263,Russia,Valeri Tsibliyev|Alexandr Serebrov,09/16/1993,4:19,285.0,"Install stowed Rapana small truss on Kvant1.  Install material samples (Indikator, Plenka5, Strakhovka)",Soyuz TM-17|Mir 16
264,Russia,Alexandr Viktorenko|Alexandr Serebrov,01/11/1990,2:58,260.0,"Kvant 1 science installed (Arfa-9, SKK-1, SKK-3), ERA supports disassembled, docking system hatch relocation as prep for Kristall.  Retrieve Enchantillon experiment",Soyuz TM-8|Mir
265,Russia,Alexandr Viktorenko|Alexandr Serebrov,01/26/1990,3:02,261.0,"MMU mooring post/winch installed, Atlas TV and Ferrer/Daneo science installed, solar array fasteners inspected, checkout of Kvant2 airlock and new Orlan DMA w/o umbilical",Soyuz TM-8|Mir
266,Russia,Alexandr Viktorenko|Alexandr Serebrov,"Feb. 1, 1990",4:59,262.0,Checkout Kvant 2 airlock & new Orlan DMA.  MMU flown tethered for 40 min to 33m.  ,Soyuz TM-8|Mir
267,Russia,Alexandr Viktorenko|Alexandr Serebrov,"Feb. 5, 1990",3:45,263.0,Checkout Kvant 2 airlock & new Orlan DMA.  MMU flown tethered for 93 min to 45m.  SPIN-6000 rad sensor on MMU,Soyuz TM-8|Mir
268,Russia,Anatoli Solovyov|Alexandr Balandin,07/17/1990,7:00,264.0,"Reattach Soyuz thermal insulation blanket, Kvant 2 airlock hatch damaged.  Ingress into backup airlock of Kvant2",Soyuz TM-9|Mir
269,Russia,Anatoli Solovyov|Alexandr Balandin,07/26/1990,3:52,265.0,Soyuz repair access ladder stowed.  Kvant 2 airlock hatch inspected and forced closed,Soyuz TM-9|Mir
270,Russia,Gennady Manakov|Gennady Strekalov,10/29/1990,3:05,266.0,"Kvant 2 airlock hatch repair (remove insulation, temp fix to hinge), dismount ATLAS TV camera",Soyuz TM-10|Mir
271,Russia,Victor Afanasyev|Musa Manarov,01/07/1991,5:19,267.0,Kvant 2 airlock hatch hinge replacement,Soyuz TM-11|Mir
272,Russia,Victor Afanasyev|Musa Manarov,01/23/1991,5:34,268.0,Cargo transfer boom installed on core module (using bolt hole punch).  Ferrer science retrieved,Soyuz TM-11|Mir
273,Russia,Victor Afanasyev|Musa Manarov,01/26/1991,6:19,269.0,Truss installation for solar arrays on Kvant-1.  Install Kurs reflectors.  Accidental damage to Kurs,Soyuz TM-11|Mir
274,Russia,Victor Afanasyev|Musa Manarov,04/25/1991,3:34,270.0,Inspect damaged Kurs antenna on Kvant-1.  Install repaired ATLAS TV camera.  Test thermo mechanical joints of Sofora truss,Soyuz TM-11|Mir
275,Russia,Sergei Krikalev|Anatoli Artsebarsky,06/25/1991,4:58,271.0,Repair Kvant1 Kurs antenna.  Connect ATLAS TV connectors.  Test thermo mechanical joints of Sofora truss,Soyuz TM-12|Mir
276,Russia,Sergei Krikalev|Anatoli Artsebarsky,06/28/1991,3:24,272.0,Install TREK radiation exp.  Install scanning TV camera for EVA monitoring,Soyuz TM-12|Mir
277,Russia,Sergei Krikalev|Anatoli Artsebarsky,07/15/1991,5:56,273.0,Transfer Sofora 14.5m truss mounting platform to Kvant1,Soyuz TM-12|Mir
278,Russia,Sergei Krikalev|Anatoli Artsebarsky,07/19/1991,5:28,274.0,Assemble Sofora 14.5m truss (sections 1-3),Soyuz TM-12|Mir
279,Russia,Sergei Krikalev|Anatoli Artsebarsky,07/23/1991,5:42,275.0,Assemble Sofora 14.5m truss (sections 4-14),Soyuz TM-12|Mir
280,Russia,Sergei Krikalev|Anatoli Artsebarsky,07/27/1991,6:49,276.0,Assemble and elevate Sofora 14.5m truss (sections 15-17).  A. helmet fogged over forcing guide down truss by K.  Jettison old suit,Soyuz TM-12|Mir
281,Russia,Alexandr Volkov|Sergei Krikalev,"Feb. 20, 1992 ",4:13,277.0,"V. suit cooling sublimator failed so must stay on umbilical.  Base block solar panel section collected.  Material experiments deployed and retrieved on Kvant2 (Sprut, SKK, DankoM, Plenka)",Soyuz TM-13|Mir
282,Russia,Alexandr Viktorenko|Alexandr Kaleri,07/08/1992,2:03,278.0,Kvant 2 gyrodyne inspected after insulation blankets cut.  Test EVA binoculars,Soyuz TM-14|Mir
283,Russia,Anatoli Solovyov|Sergei Avdeyev,"Sept. 3, 1992",3:56,279.0,Prepare 700kg thruster box for Sofora truss.  Install truss hinge lock,Soyuz TM-15|Mir
284,Russia,Anatoli Solovyov|Sergei Avdeyev,"Sept. 7, 1992",5:08,280.0,Install thruster control cables on Sofora truss.  Attach truss to thruster box mounted on Progress,Soyuz TM-15|Mir
285,Russia,Anatoli Solovyov|Sergei Avdeyev,09/11/1992,5:44,281.0,Install thruster box on Sofora truss and deploy to ops pos,Soyuz TM-15|Mir
286,Russia,Anatoli Solovyov|Sergei Avdeyev,09/15/1992,3:33,282.0,Move Kurs antenna on Kristall.  Retrieve science,Soyuz TM-15|Mir
287,Russia,Gennady Manakov|Alexandr Poleshchuk,04/19/1993,5:25,283.0,"Relocated solar array control base from Kristall to Kvant-1.  Vent problem in 1 suit, crane handle lost",Soyuz TM-16|Mir 15
288,Russia,Gennady Manakov|Alexandr Poleshchuk,06/18/1993,4:32,284.0,Relocated second solar array base from Kristall to Kvant-1,Soyuz TM-16|Mir 15
289,Russia,Valeri Tsibliyev|Alexandr Serebrov,09/20/1993,3:13,286.0,Deploy Rapana small truss with material samples ,Soyuz TM-17|Mir 16
290,Russia,Valeri Tsibliyev|Alexandr Serebrov,09/28/1993,1:51,287.0,Inspect for Perseid meteor shower damage.  Place Danko-M construction materials for exposure.  Retrieve one TREK panel.  Cooling system failure in T's suit shortens EVA,Soyuz TM-17|Mir 16
291,Russia,Valeri Tsibliyev|Alexandr Serebrov,"Oct. 22, 1993",0:37,288.0,Exterior inspections started.  SKK science deployed.  O2 failure in S's suit stops work,Soyuz TM-17|Mir 16
292,Russia,Valeri Tsibliyev|Alexandr Serebrov,"Oct. 29, 1993",4:12,289.0,"Complete Panorama exterior inspections, discard used Orlan suit",Soyuz TM-17|Mir 16
293,Russia,Yuri Malenchenko|Talgat Musabeyev,"Sept. 9, 1994",5:05,290.0,"Inspect Progress docking system, prepare base for 2nd cargo boom (with hole punch), material science deployed/retrieved (Platan 4/5, SKK)",Soyuz TM-18|Mir 17
294,Russia,Yuri Malenchenko|Talgat Musabeyev,09/13/1994,6:05,291.0,Inspect Kristall solar arrays before retraction/move to Kvant-1.  Tighten restraint bolts for Sofora and solar array bases.  Mount amateur radio antenna.  Retrieve Rapana science samples.  ,Soyuz TM-18|Mir 17
295,Russia,Vladimir Dezhurov|Gennady Strekalov,05/12/1995,6:08,292.0,Install electrical cables and adjust solar array actuators on Kvant-1.  Practice folding 3 solar array panels on Kristall,Soyuz TM-19|Mir 18
296,Russia,Vladimir Dezhurov|Gennady Strekalov,05/17/1995,6:50,293.0,"Fold one Kristall solar array, move it to Kvant-1 using cargo crane, tie off temporarily",Soyuz TM-19|Mir 18
297,Russia,Vladimir Dezhurov|Gennady Strekalov,05/22/1995,5:15,294.0,Fold all but 10 feet of second Kristall solar array and finish installing other array on Kvant-1,Soyuz TM-19|Mir 18
298,Russia,Vladimir Dezhurov|Gennady Strekalov,05/29/1995,0:21,295.0,Move base block docking port for Kristall move,Soyuz TM-19|Mir 18
299,Russia,Vladimir Dezhurov|Gennady Strekalov,06/16/1995,0:23,296.0,Move base block docking port in prep for Spektr docking,Soyuz TM-19|Mir 18
300,Russia,Anatoly Solovyev|Nikola Budarin,07/14/1995,5:34,297.0,"Cut launch restraint of Spektr solar array with U.S. tool, resecure amateur radio antenna, retether cargo crane to free Kvant-2 solar array",Soyuz TM-20|Mir 19
301,Russia,Anatoly Solovyev|Nikola Budarin,07/19/1995,3:06,298.0,"Recover TREK.  Install Komplast.  Recover SKK-4, SKK-12, Platan, Stuk.  H2O cooling problem on one suit prevented Miras installation",Soyuz TM-20|Mir 19
302,Russia,Anatoly Solovyev|Nikola Budarin,07/21/1995,5:44,299.0,"Deploy Miras, shake Spektr solar array to attempt deploy of end panel.  Resecure amateur radio antenna.  Open Elektron O2 system valve",Soyuz TM-20|Mir 19
303,Russia,Sergei Avdeyev|Thomas Reiter,"Oct. 20, 1995",5:16,300.0,Deploy ESEF materials experiment and replace Komza cassettes on Spektr,Soyuz TM-X|Mir 20
304,Russia,Sergei Avdeyev|Yuri Gidzenko,"Dec. 8, 1995",0:32,301.0,Move base block docking port as prep for Priroda docking,Soyuz TM-X|Mir 20
305,Russia,Yuri Gidzenko|Thomas Reiter,"Feb. 8, 1996",3:06,302.0,Retrieve ESEF sample cassettes from Spektr.   Relocate MMU to stow site on Kvant-2 exterior,Soyuz TM-X|Mir 20
306,Russia,Yuri Onufrenko|Yuri Usachev,"Mar. 15, 1996",5:51,303.0,Deploy second cargo crane.  Prepare solar array install site on Kvant-1,Soyuz TM-23|Mir 21
307,Russia,Yuri Onufrenko|Yuri Usachev,05/21/1996,5:20,304.0,Relocate cooperative array from DM to Kvant-1.  Pepsi mockup photography,Soyuz TM-23|Mir 21
308,Russia,Yuri Onufrenko|Yuri Usachev,05/24/1996,5:43,305.0,Install 1/2 of cooperative array cables on Kvant1,Soyuz TM-23|Mir 21
309,Russia,Yuri Onufrenko|Yuri Usachev,05/30/1996,4:20,306.0,Deploy MOMS experiment on Priroda.  Open exp covers,Soyuz TM-23|Mir 21
310,Russia,Yuri Onufrenko|Yuri Usachev,06/06/1996,3:34,307.0,Deploy U.S. PIE/MSRE experiments on Kvant-2.  Replace Komza cassettes.  Install SKK-11.  Pepsi mockup photography ,Soyuz TM-23|Mir 21
311,Russia,Yuri Onufrenko|Yuri Usachev,06/13/1996,5:42,308.0,Manually assist Priroda Travers antenna.  Tighten Sofora truss fasteners.  Retrieve samples and secure Rapana truss to Sofora.  Install and deploy Ferma-3 truss experiment,Soyuz TM-23|Mir 21
312,Russia,Valery Korzun|Alexander Kaleri,"Dec. 2, 1996",5:57,309.0,Install last 1/2 of cables for cooperative array on Kvant-1.  Connect solar array power cables on base block.  Relocate Rapana truss to Ferma-3 truss,Soyuz TM-24|Mir 22
313,Russia,Valery Korzun|Alexander Kaleri,"Dec. 9, 1996",6:36,310.0,Install Kurs antenna on docking module (including routing/mating cable to Kristall).  Tighten connector of amateur radio antenna on base block,Soyuz TM-24|Mir 22
314,Russia,Valeri Tsibliev|Jerry Linenger,04/29/1997,4:57,311.0,Deploy OPM and TLD/Benton dosimeters.  Retrieve PIE and MSRE.  Use U.S. EVA tether and 35mm camera.  First use of new Orlan M suits,Soyuz TM-25|Mir 23
315,Russia,Anatoly Solovyev|Pavel Vinogradov,08/21/1997,5:30,312.0,Connect solar array power cables inside Spektr.  Inspect Spektr interior for leaks.  Retrieve science and personal hardware from Spektr.,Soyuz TM-26|Mir 24
316,Russia,Anatoly Solovyev|Mike Foale,09/06/1997,6:00,313.0,Inspect Spektr exterior for leak sites (video under radiator and measure gap around solar array base).  Rotate 2 Spektr solar arrays.  Retrieve Benton dosimeter.,Soyuz TM-26|Mir 24
317,Russia,Anatoly Solovyev|Pavel Vinogradov,10/20/1997,6:10,314.0,Connect 2 of 3 solar array orientation cables inside Spektr.  ,Soyuz TM-26|Mir 24
318,Russia,Anatoly Solovyev|Pavel Vinogradov,11/03/1997,6:05,315.0,Release Sputnik anniversary satellite.  Tiedown old solar array from Kvant-1 to base block.  Install Vozduk CO2 system external cap.  Retrieve base block solar array sample.  Retrieve/deploy Kvant-2 science.  Kvant-2 outer hatch leaks.  Ingress via backup airlock.,Soyuz TM-26|Mir 24
319,Russia,Anatoly Solovyev|Pavel Vinogradov,11/06/1997,6:19,316.0,Transfer new solar array from docking module to Kvant-1.  First handoff of stowed array from one crane to second.  Remove Vozduk external cap and install outlet diffuser.  Kvant-2 outer hatch inspected then sealed with aid of backup bolts.,Soyuz TM-26|Mir 24
320,Russia,Anatoly Solovyev|Pavel Vinogradov,01/09/1998,3:06,317.0,"Retrieve U.S. OPM experiment from docking module.  Kvant-2 hatch inspected, videotaped and bolted closed.  ",Soyuz TM-26|Mir 24
321,Russia,Anatoly Solovyev|Dave Wolf,01/14/1998,3:52,318.0,Use SPSR experiment on Kvant-2 radiator.  Kvant-2 airlock hatch inspected and bolted closed,Soyuz TM-26|Mir 24
322,Russia,Talgat Musabeyev|Nikola Budarin,03/03/1998,0:00,319.0,Manual wrenches inadequate to release hatch bolts.  Spektr solar array reinforcement deferred.,Soyuz TM-27|Mir 25
323,Russia,Talgat Musabeyev|Nikola Budarin,04/01/1998,6:26,320.0,Install handrails and foot restraints on Spektr around damaged solar array.  ,Soyuz TM-27|Mir 25
324,Russia,Talgat Musabeyev|Nikola Budarin,04/06/1998,4:23,321.0,Reinforce Spektr solar array.  Retrieve Komza ,Soyuz TM-27|Mir 25
325,Russia,Talgat Musabeyev|Nikola Budarin,04/11/1998,6:25,322.0,Jettison VDU roll thruster package from Sofora top,Soyuz TM-27|Mir 25
326,Russia,Talgat Musabeyev|Nikola Budarin,04/17/1998,6:33,323.0,Prepare new VDU for Sofora mating.  Clear Ferma-3 & Rapana trusses.  Tighten Sofora bolts,Soyuz TM-27|Mir 25
327,Russia,Talgat Musabeyev|Nikola Budarin,04/22/1998,6:21,324.0,Install new VDU on Sofora and erect to vertical pos.  Jettison of ???????,Soyuz TM-27|Mir 25
328,Russia,G. Padelka|Sergei Avdeyev,09/15/1998,0:30,325.0,Internal EVA inside Spektr to connect solar array orientation cable in response to avionics failure.,Soyuz TM-28|Mir 26
329,Russia,G. Padelka|Sergei Avdeyev,11/10/1998,5:50,326.0,"Manual launch of Sputnik demo satellite.  Install Dvikon suit material exposure experiment on base block Igla antenna.  Retrieve bagged sample after thruster exhaust exposure.  Attach and deploy experimental solar array on docking module trunnion.  Replace thermal blanket over pwr connectors.  Retrieve  Keramika, Danko, Solyaris and SMMK experiments.  Deploy Komet, Spika, Migmas and Sprut experiments on Kvant2.",Soyuz TM-28|Mir 26
330,Russia,Victor Afanasyev|Jean-Pierre Heignere,04/16/1999,6:19,327.0,Attempted demo of leak repair device failed due to valve failure.  Deployed organic material exposure experiment and retrieved French MMOD experiment.  Manual launch of Sputnik demo satellite.  ,Soyuz TM-29|Mir 27
331,Russia,Victor Afanasyev|Sergei Avdeyev,07/23/1999,6:07,328.0,Installed a new experimental 6-meter diameter antenna on Sofora truss but failed to deploy it fully.  Unsuccessfully sought source of small leak in Kvant-2 atmosphere.  Retrieved the Exobiology and Dvikon experiments.  ,Soyuz TM-29|Mir 27
332,Russia,Victor Afanasyev|Sergei Avdeyev,07/28/1999,5:22,329.0,"Finished full deploy of an experimental 6-meter antenna on Sofora truss.  At the end of the experiment the antenna was jettisoned.  Also installed experiments Indicator and Sprut-4, changed the cassettes of the Migmas ion spectrometer and retrieved Danko-M and Ekran-D experiments.  Problem with suit cooling ended EVA.",Soyuz TM-29|Mir 27
333,Russia,Sergei Zaletin|Alexander Kaleri,05/12/2000,5:30,330.0,Inspected and photographed short circuit damaged solar array cable on Kvant-1.  Tested module leak repair sealant on sample panel.  Retrieved a solar array test sample from the docking module.  Conducted general inspection/photography of health of Mir exterior (panorama),Soyuz TM-30|Mir 28
334,Russia,Yuri Usachev|Jim Voss,06/08/2001,0:19,331.0,Relocated SM docking port as prep for DC1 docking.  Tested Orlan suits launched with SM.,ISS Incr-2
335,Russia,Vladimir Dezhurov|Mikhail Tyurin,10/08/2001,4:58,332.0,"First EVA from DC-1.  Installed Tranzit-B cable for EVA radio communications between the SM and DC-1.  Installed 4 hatch handrails, egress/ingress ladder, MLI, video camera and Strela crane operator post/boom on DC-1.  Installed Kurs antennas and docking target.  Confirmed deployment of 4 Kurs active antennas.  As planned, jettisoned MLI covers from DC-1 docking target and Kurs antenna.  Small drops of thruster contamination seen on MLI.  Suit gloves inspected, wiped down and bagged post EVA.   ",ISS Incr-3
336,Russia,Vladimir Dezhurov|Mikhail Tyurin,10/15/2001,5:52,333.0,Installed Kromka at SM port location.  Installed Japanese contracted MPAC-SEEDS materials experiments (3) on outside of SM.  Replaced Russian flag placard with Kodak sign (material durability tests).  EVA hatch was briefly stuck in temp stow position.  Orlan gloves bagged post EVA.,ISS Incr-3
337,Russia,Vladimir Dezhurov|Frank Culbertson,11/12/2001,5:04,334.0,DC1-SM hatch leaked during initial depress.  Wipe of seals and reclosure resolved leak (30 minute delay).  Connected Kurs cables (4 hi freq and 3 low freq) outside Pirs DC-1.   Installed tether between DC1 egress ladder and SM.  Completed checks of the Strela crane.  Inspected and photographed a partially deployed panel of SM solar array.,ISS Incr-3
338,Russia,Vladimir Dezhurov|Mikhail Tyurin,12/03/2001,2:46,335.0,Removed debris on SM aft port that prevented Progress vehicle #6 from completing hard dock.  Photoed and removed Progress #5 seal debris.,ISS Incr-3
339,Russia,Yri Onufrienko|Carl Walz,01/14/2002,6:03,336.0,Relocated a cargo boom for the Russian Strela crane from PMA-1 to Pirs DC-1.  Installed amateur radio antenna WA3 and cables onto the aft of SM.  Jettisoned gloves and wiping towels?,ISS Incr-4
340,Russia,Yuri Onufrienko|Dan Bursch,01/25/2002,5:59,337.0,Installed 6 thruster deflector shields on SM.  Installed an amateur radio antenna (WA4) and retrieved/ replaced Kromka device to measure thruster deposits.  Installed 1 Platan-M radiation experiment and 3 SKK materials experiments.,ISS Incr-4
341,Russia,Valery Korzun|Peggy Whitson,08/16/2002,4:25,338.0,EVA delayed 1:43 due to missed opening of primary O2 bottles in both suits.  Removed 6 MMOD shield panels from PMA-1 and installed them on SM.  Deferred EVA tasks for swab of fuel/oxidizer residue and installation of Kromka experiment.  ,ISS Incr-5
342,Russia,Valery Korzun|Sergei Treschev,08/26/2002,5:21,339.0,Installed ORU attachment frame outside FGB to house components for EVA assembly tasks.  Retrieved and replaced panel #1 of Japan's MPAC/SEEDs materials experiments outside SM.  Installed 4 fairleads on FGB for future routing of tethers.  Added two ham radio antennas on SM (WA1 & WA2).  Replaced the earlier deferred Kromka hardware.  Inspected MMOD sensor outside SM.,ISS Incr-5
343,Russia,Alexander Kaleri|Mike Foale,02/26/2004,3:55,340.0,Replaced an SKK removable materials sample cassette from DC-1. Retrieved Japanese MPAC/SEEDS panel #2 and relocated MPAC/SEEDS panel #3. Installed ESA Matryoshka experiment.  Removed two Velcro straps from the SMs WA2 ham radio antenna.  Replaced two SKK removable materials sample cassettes on SM.  Suit cooling system failure ended work 1.5 hours early. Did not retrieve/relocate ATV reflectors for ESA,ISS Incr-8
344,Russia,Gennady Padalka|Mike Fincke,06/24/2004,0:14,341.0,Fincke's Orlan O2 injector lever not in fully closed position.  EVA attempt terminated early.,ISS Incr-9
345,Russia,Gennady Padalka|Mike Fincke,06/30/2004,5:39,342.0,"Replaced RPCM on SO truss for CMG #2 after extending and translating along Strela crane.  Completed getahead tasks on DC1 (contamination sensor, fabric handrails, 2 handrail end stops)",ISS Incr-9
346,Russia,Gennady Padalka|Mike Fincke,08/03/2004,4:30,343.0,"Installed 2 ATV antennas.  Removed 6 ATV laser reflectors and installed 3 new reflectors.  Demated cable from failed ATV camera.  Replaced several experiments (Kromka thruster contam, CKK material exposure, Platan-M cosmic rays).  Installed 2 handrail end stops on DC1 aft hatch",ISS Incr-9
347,Russia,Gennady Padalka|Mike Fincke,09/03/2004,5:21,344.0,"Replaced FGB thermal system fluid control unit.  Installed 4 safety tether fairleads on FGB.  Stopped motion to aid test for phantom torque upon CMGs.  Installed 3 ATV antennas on SM and removed 5 antenna covers.  Installed 3 of 4 handrail end stops on DC1 fwd hatch.  Photographed MPAC/SEEDS experiment.  Jettisoned antenna covers, glove wipe towels & container with old FGB ORU (~ 10 items)",ISS Incr-9
348,Russia,Leroy Chiao|Salizhan Sharipov,01/26/2005,5:28,345.0,"Installed science workstation and German Rokviss robotic experiment on SM.  Transfered MPAC/SEEDs experiment panel to new location on same stand.  Installed Rokviss antenna on MPAC/SEEDs mounting structure (cable reconnection due to initial mating error).  Photoed contamination on vent valves of Elektron, Vozdukh and trace gas system to aid MCC-M troubleshooting.  Installed BioRisk experiment on DC1.  19 items jettisoned (elec caps, glove wipes)",ISS Incr-10
349,Russia,Leroy Chiao|Salizhan Sharipov,03/28/2005,4:30,346.0,"Installed 3 ATV antennas on SM fwd end.  Jettisoned German Nanosputnik experiment.  Installed ATV GPS antenna on SM aft end.  Photographed/observed ONA antenna drive to aid MCC-M troubleshooting.  Inpected ATV retroreflector for contamination (little found).  Jettisoned elec caps, antenna covers, glove wipe towels",ISS Incr-10
350,Russia,Dmitry Kondratiev|Oleg Skripochka,02/16/2011,4:51,364.0,Installed Photon-Gamma and Radiometria experiments on SM.  Jettisoned foot restraint.  Retrieved Komplast panels from FGB.,ISS Incr-26
351,Russia,Sergei Krikalev|John Phillips,08/18/2005,4:58,347.0,"Retrieve canister #1 of the Biorisk experiment can #1,  MPAC/SEEDS materials experiment panel #3 and Matryoshka radiation dosimetry experiment.  Install Automated Transfer Vehicle (ATV) backup docking camera.  Relocate SKK material experiment #4 and install #5.  Ran out of time to relocate Russian cargo crane grapple fixture adapter from FGB to PMA3 (prep for STS-116/12A.1)",ISS Incr-11
352,Russia,Valeri Tokarev|Bill McArthur,02/03/2006,5:44,348.0,"Jettisoned life expired Orlan suit with Ham radio inside (RadioSkaf or Suit Sat).  Relocated Strela adapter from FGB to PMA-3. Removed zenith TUS cable from IUA, secured to MT handrail because safing bolt would not engage adequately. Retrieved science experiment (Biorisk) and photographed exterior of Service Module.",ISS Incr-12
353,Russia,Pavel Vinogradov|Jeff Williams,"June 1-2, 2006",6:31,349.0,"Installed new hydrogen vent for Elektron O2 generator.  Retrieved Kromka, BKHD and Biorisk experiments.  Relocated ATV WAL3 antenna cable to improve system performance.  Photographed ATV WAL2 antenna and SM reboost engine to aid engine cover troubleshooting.  Lost crane foot restraint adapter.  Replaced MBS camera (EVA extended by 50 min to permit task).",ISS Incr-13
354,Russia,Mikhail Tyurin|Michael Lopez-Alegria,11/22/2006,5:38,350.0,Performed golf demo (one ball jettisoned).  Inspected but unable to stow Progress antenna.  Relocated ATV antenna impairing SM reboost engine.  Installed solar radiation experiment (minus data cable),ISS Incr-14
355,Russia,Mikhail Tyurin|Michael Lopez-Alegria,02/22/2007,6:18,351.0,Cut/cleared Progress antenna interfering with undocking. Adjusted ATV antenna interfaces. Replaced a materials experiment. Installed data cable of radiation experiment. Photographed ATV reflectors and numerous experiments. Installed 2 foot restraints outside airlock. Inspected safety of cargo crane mechanisms.  Successfully used new LED helmet lights.  EV1's sublimator breakthru caused helmet fogging before reset correction.,ISS Incr-14
356,Russia,Fyodor Yurchikhin|Oleg Kotov,05/30/2007,5:25,352.0,Start delayed 45 minutes due to comm misconfig.  Transferred MMOD panels from PMA3 to SM and installed 5 of 17 panels.  Installed ATV GPS antenna cable.  Suit wrist mirror lost overboard.,ISS Incr-15
357,Russia,Fyodor Yurchikhin|Oleg Kotov,06/06/2007,5:37,353.0,Installed SM-FGB cable for local area network (LAN) and Biorisk science experiment.  Installed last 12 MMOD shields on SM.  ,ISS Incr-15
358,Russia,Sergei Volkov|Oleg Kononenko,07/10/2008,6:19,354.0,Removed a pyrobolt from 1 of 5 Soyuz capsule restraints.  First use of US helmet TV on Orlan.  Lost tool and insulation fragments overboard.  Jettisoned thruster cover bounced off radiator in wrong direction.,ISS Incr-17
359,Russia,Sergei Volkov|Oleg Kononenko,07/15/2008,5:54,355.0,Prepped for new module (MRM2) installation by installing a SM docking target and inspecting antenna attach points.  Installed Vsplesk cosmic radiation experiment and retrieved Biorisk experiment.  Unbent a ham radio antenna.,ISS Incr-17
360,Russia,Yuri Lonchakov|Mike Fincke,"Dec 22-23, 2008",5:39,356.0,Installed Langmuir probe to aid Soyuz reentry sep analysis.  Retrieved a BIORISK can.  Installed EXPOSE R and Impulse experiments.  Had to deinstall and return EXPOSE R to cabin when it wouldnÂt activate.  Deferred other tasks.  Failed valve forced use of stored gas to repress airlock.,ISS Incr-18
361,Russia,Yuri Lonchakov|Mike Fincke,03/10/2009,4:48,357.0,Cut off excess length of fabric straps near DC1 antennas and docking target.  Reinstalled EXPOSE-R experiment and adjusted orientation of SKK experiment panel.  Closed thermal insulation flap over electrical connector panel.  Photographed external hardware,ISS Incr-18
362,Russia,Gennady Padalka|Mike Barratt,06/05/2009,4:54,358.0,First use of new Orlan MK suits with digital caution/warning electronics.  Started 1 hour late due to faulty CO2 readings.  Installed two docking navigation antennas on zenith port of service module as prep for MRM2 arrival,ISS Incr-19
363,Russia,Gennady Padalka|Mike Barratt,06/10/2009,0:12,359.0,Relocated docking cone to zenith port of Service Module as prep for MRM2 arrival,ISS Incr-19
364,Russia,Oleg Kotov|Maxim Suraev,01/14/2010,5:44,360.0,"Prepped new module (MRM2) for Soyuz/Progress usage by installing Kurs navigation antennas/cables and docking targets.  Installed 2 hatch handrails, jettisoned excess thermal blankets and retrieved can of Biorisk experiment",ISS Incr-22
365,Russia,Fyodor Yurchikin|Mikhail Kornienko,07/27/2010,6:42,361.0,Replaced degraded ATV docking camera and jettisoned old unit.  Removed launch restraints from MRM1 camera.  Installed cables to enable dockings to MRM1.  Lost cable clamp,ISS Incr-24
366,Russia,Fyodor Yurchikin|Oleg Skripochka,10/15/2010,6:27,362.0,"Installed experiment platform on SM large diameter, CKK materials experiment on MRM2 and two handrail gap spanners.  Collected sample wipes of prop byproducts and microbes from thermal blankets.  Retrieved ROKVISS robot experiment and jettisoned wipedown towels.  Removed but not able to relocate MRM1 TV camera due to thermal blanket.  FGB paint chips lost overboard",ISS Incr-25
367,Russia,Dmitry Kondratiev|Oleg Skripochka,01/21/2011,5:23,363.0,Installed 100Mb/sec data downlink antenna and its cables.  Retrieved plasma and ExposeR materials exposure experiments.  Finished installation of MRM1 docking TV camera by cutting into impeding thermal blanket.  Jettisoned antenna cover and cable reel,ISS Incr-26
368,Russia,Sergei Volkov|Alexander Samokutyaev,08/03/2011,6:23,365.0,"Installed laser comm and Biorisk experiments.  Jettisoned covers of laser experiment. After delay due to broken rcvr antenna, deployed ham radio satellite Radioskaf-V/Arissat-1.  Removed SM-MRM1 Kurs antenna from SM.  Took photos of materials experiments, degraded antenna and images of Russian space heroes.  Due to time, did not relocate strela crane from DC1 to MRM1.  ",ISS Incr-28
369,Russia,Oleg Kononenko|Anton Shkaplerov,02/16/2012,6:15,366.0,"Relocated 1st strela crane from DC1 to MRM1 and jettisoned base thermal cover.  Installed materials exposure experiment and took 1 of 2 swab samples of contamination under thermal blanket.  Due to time, did not install SM MMOD shields",ISS Incr-30
370,Russia,Gennady Padalka|Yuri Malenchenko,08/20/2012,5:51,367.0,1 hr late start due to airlock valve.  Relocated cargo crane from DC1 to FGB as prep for MLM.  Installed MMOD shields on Service Module and support struts for airlock exit ladder.  Deployed small satellite and retrieved Biorisk experiment canister,ISS Incr-32
371,Russia,Pavel Vinogradov|Roman Romanenko,04/19/2013,6:38,368.0,"Installed plasma experiment/cables/probes, replaced degraded ATV navigation reflector, jettisoned cable reel, towels and probe boxes, retrieved biorisk canister. Lost materials exposure experiment overboard",ISS Incr-35
372,Russia,Fyodor Yurchikhin|Alexander Misurkin,06/24/2013,6:34,369.0,Power cable clamps installed and Kurs tested in prep for MLM. Replaced FGB flow control valve. Installed INDICATOR of CONTROL space experiment on MRM2.  Removed VINOSLIVOST  experiment from MRM-2 and PHOTON-GAMMA from SM.  Installed 3 of 5 SM handrail gap spanners,ISS Incr-36
373,Russia,Fyodor Yurchikhin|Alexander Misurkin,08/16/2013,7:29,370.0,"Â Installed VINOSLIVOST experiment on MRM2, 2 MLMÂUSOS power cables, FGB Â MRM2 gap spanners, MLM-USOS ETHERNET cableÂ Installation of gap spanners SM Â MRM2 (if time allows)Â Retracted & stowed Strela-1 on DC1",ISS Incr-36
